name,description,slug,competency,tools_languages_methodologies,learning_resources,related_skills,rank
Computational scientific workflows (data pipelines),Ability to design and implement automated sequences of data processing steps that move and transform data between systems - typically within Workflow Management Systems (WMS) using workflow definition languages.  ,computational-scientific-workflows-data-pipelines,data-engineering,apache-airflow|cwl|galaxy|knime|nextflow|nextflow-dsl|parsl|snakefiles|snakemake|wdl,,programming|task-automation,140
Data acquisition,"Ability to identify, collect and process data effectively using suitable methods, tools and protocols.",data-acquisition,data-engineering,data-collection-techniques|data-collection-tools|google-forms|qualtrics|querying-an-api|surveymonkey|webscraping,,research-methodologies,60
Data and database management,"Ability to effectively select a data storage system and store, retrieve, manage and analyse information within it.",data-and-database-management,data-engineering,azure-data-studio|db2|dbeaver|excel|globus|google-sheets|mongodb|mysql|nosql|opendap|oracle|postgresql|rdf|redis|spreadsheets|sql-server|sqlite|toad|triple-stores|xml-databases,,data-and-database-query-languages|storage-systems,40
Data and database query languages,Proficiency in data or database query languages for managing and manipulating data.,data-and-database-query-languages,data-engineering,graphql|sparql|sql|xml|xquery,databases-and-sql-by-the-carpentries,data-and-database-management,50
Data cleaning,"Ability to identify, correct and remove errors, inconsistencies and missing values from datasets.",data-cleaning,data-engineering,data-validator|janitor|openrefine,data-carpentry-data-cleaning|kaggle-data-cleaning|library-carpentry-data-cleaning,data-wrangling,70
Data curation,"Ability to steward and enrich data to ensure it is accurate, well-annotated, properly documented, accessible and preserved for long-term reuse.",data-curation,data-engineering,,,,90
Data lifecycle management,"Ability to effectively manage data throughout its lifecycle, encompassing planning, collection, organisation, processing, storage, preservation and sharing, ensuring data quality, accessibility, compliance, protection and reuse. ",data-lifecycle-management,data-engineering,care-principles-for-indigenous-data-governance|data-citation|data-management-plans|data-versioning|dmponline|fair-data|open-formats|persistent-identifiers-pid,data-management-plan-the-turing-way|data-management-plans-dcc|rdmkit|the-fair-principles-the-turing-way|version-control-for-data-the-turing-way,metadata-standards,120
Data modelling and design,"Ability to plan, architect and implement data systems using appropriate data formats that satisfy research requirements and manage data assets.",data-modelling-and-design,data-engineering,json|uml|xml|yaml,,,30
Data protection and ethics,Understanding of data protection frameworks and measures to ensure secure and ethical data handling practices.,data-protection-and-ethics,data-engineering,care-principles-for-indigenous-data-governance|gdpr,ethics-and-law-the-turing-way,,110
Data wrangling ,"Ability to transform raw, messy data into clean, structured formats suitable for analysis, including cleaning, reshaping, enriching, transforming and integrating data from multiple sources.",data-wrangling,data-engineering,openrefine,data-wranglers-overview-the-turing-way|finding-your-way-to-r-for-data-science,data-cleaning,80
Digitisation of text and images,"Converting physical or analog materials (such as printed documents or photographs) into digital formats making them easier to store, process and share electronically.",digitisation-of-text-and-images,data-engineering,computer-vision|optical-character-recognition-ocr|tesseract,,,130
Metadata standards,"Ability to understand and utilise metadata to ensure data quality, consistency and discoverability.",metadata-standards,data-engineering,bioschemas|codemeta|dublin-core|edam|exif|isadg|json|schema-org,what-are-metadata-standards-dcc,data-lifecycle-management|good-software-practices,100
AI/ML concepts and theory,Ability to understand and apply fundamental concepts underlying AI/ML systems and applications.,aiml-concepts-and-theory,data-science-and-analytics,classification|clustering|decision-trees|model-evaluation-and-validation|regression,,aiml-models-and-technologies,200
AI/ML models and technologies,"Ability to design, build, test, and deploy machine learning models and systems as software applications",aiml-models-and-technologies,data-science-and-analytics,apache-spark-mllib|computer-vision|embeddings|fastai|generative-adversarial-network-gan|generative-models|keras|large-language-models-llm|lightgbm|mlflow|natural-language-processing-nlp|neural-networks-and-deep-learning|pytorch|pytorch-gan|reinforcement-learning|scikit-learn|self-supervised-learning|semi-supervised-learning|supervised-learning|tensorflow|transfer-learning|unsupervised-learning|xgboost,gan-implementation-in-pytorch|google-machine-learning-crash-course|introduction-to-deep-learning-by-the-carpentries|nvidia-deep-learning-institute|research-software-engineering-sheffield-deep-learning,big-data-technologies|aiml-concepts-and-theory,210
Big data technologies,Proficiency in using big data frameworks and methodologies for managing and processing large datasets.,big-data-technologies,data-science-and-analytics,apache-spark|bigquery|hadoop,,data-analysis|data-mining|aiml-models-and-technologies,190
Data analysis,"Ability to process, analyse and interpret data using mathematical and statistical methods.",data-analysis,data-science-and-analytics,atlas-ti|data-analysis-process|excel|ggplot2|google-sheets|mathematica|matlab|matplotlib|normalisation|numpy|nvivo|pandas|python|r|sas|seaborn|spreadsheets|spss|stata,data-visualisation-the-turing-way|plotting-and-programming-in-python,data-visualisation|data-mining|big-data-technologies|programming|research-methodologies,160
Data mining,"Ability to discover patterns and insights from large sets of data, using techniques from statistics, machine learning and database systems. ",data-mining,data-science-and-analytics,nvivo|scikit-learn,,data-analysis|big-data-technologies,180
Data visualisation,Ability to facilitate understanding of data and communicate data analysis findings effectively through visual representations.,data-visualisation,data-science-and-analytics,data-and-information-visualisation-process,,data-analysis|programming|research-methodologies,170
APIs,Ability design and use Application Programming Interfaces (APIs) that effectively facilitate communication between different software systems.,apis,software-engineering,,,,570
Code review,"Ability to effectively evaluate and improve the quality of code by understanding the code structure, logic as well as soft skills like clear communication and constructive feedback",code-review,software-engineering,pair-programming|pull-requests,how-to-make-good-code-reviews-better|mini-toolkit-code-review-anxiety-workbook,,410
"Coding conventions, code formatting and linting","Understanding and applying coding standards, using code formatting tools and linters to ensure code quality consistency and readability.",coding-conventions-code-formatting-and-linting,software-engineering,black|eslint|jslint|linters|lintr|ruff|static-program-analysis|styler,building-better-research-software|code-styling-and-linting-the-turing-way,,380
Compiling code,"Understanding how compilers translate high-level languages into machine code, including concepts like lexical analysis, parsing and code optimisation.",compiling-code,software-engineering,bison|compilers|lex|yacc,,,310
Computer modelling and simulation,Ability to develop and use computational models to represent real-world systems and simulate their behaviour under different conditions.,computer-modelling-and-simulation,software-engineering,,,numerical-analysis,360
Containerisation,"Ability to package, deploy and manage applications using containers, enabling consistent and reliable execution across diverse environments.",containerisation,software-engineering,apptainer|argo|argo-cd|docker|kubernetes|singularity,reproducible-computational-environment-with-docker,virtualisation-and-container-infrastructure,510
Deploying code,"Ability to take packaged software and make it available in target environments, including provisioning infrastructure, configuring services, rolling out updates, managing rollbacks and ensuring minimal downtime.",deploying-code,software-engineering,ansible|aws-codepipeline|azure-devops|bitbucket-pipelines|github-actions|gitlab-cicd|jenkins|travis-ci,continuous-integration-the-turing-way,,500
Documenting software,"Ability to create clear, concise and comprehensive technical documentation that communicates the design, functionality and usage of a software product.",documenting-software,software-engineering,cffinit|citation-cff|code-of-conduct|contribution-guidelines|docstrings|javadoc|jsdoc|markdown|mkdocs|quarto|r-markdown|read-the-docs|readme|sphynx,datasheets-for-datasets|ditaxis|model-cards-for-model-reporting|ols-lesson|project-documentation-the-turing-way,information-synthesis-and-concise-written-communication|technical-writing,470
Generative AI,Ability to leverage AI tools to augment and enhance traditional software development processes.,generative-ai,software-engineering,aws-sagemaker|azure-ai|chatgpt|diffusers|generative-adversarial-network-gan|github-copilot|google-cloud-for-ai|google-gemini|gradio|hugging-face-transformers|langchain|microsoft-copilot|openai|prompt-engineering|pytorch|pytorch-gan|streamlit|tensorflow-gan,gan-implementation-in-pytorch,,330
Good software practices,"Understanding of and expertise in developing and maintaining software that adheres to the ""good"" software practices and knowledge of tools that test for them.",good-software-practices,software-engineering,citation-cff|codecheck|codemeta|fair-software|fairsoft|software-quality-practices,an-r-reproducibility-toolkit-for-the-practical-researcher|rsqkit,metadata-standards,460
Green computing,"Understanding of environmentally sustainable computing - environmental consequences of software development and deployment, including energy consumption, resource usage and the overall carbon footprint of the software lifecycle.",green-computing,software-engineering,,digital-humanities-climate-coalition-toolkit|green-software-foundation|green500,profiling-and-optimising-code,530
Intellectual Property (IP) and software licensing,"Understanding Intellectual Property (IP) -  who owns or controls creative work (including software) - and software licensing as the legal mechanism that grants others the right to use, modify or distribute software.",intellectual-property-ip-and-software-licensing,software-engineering,free-and-open-source-licences,choose-an-open-source-license|licensing-the-turing-way|ols-lesson|tldrlegal,legal-and-regulatory-responsibility,480
Log analysis,"Ability to use log analysis tools, identify patterns and anomalies and interpret log data to diagnose issues and improve system performance.",log-analysis,software-engineering,,,software-debugging,430
Numerical analysis,"Ability to develop, apply and improve numerical methods to approximate solutions to mathematical problems.",numerical-analysis,software-engineering,,,computer-modelling-and-simulation,370
Packaging and releasing code,"Preparing software for distribution, including compiling, bundling dependencies, versioning, preparing release notes and creating installable or deployable artifacts.",packaging-and-releasing-code,software-engineering,binary-executables|cmake|conda-forge|docker|docker-hub|github-container-registry-ghcr|github-releases|json|pypi|spack-io|toml|yaml|zip-files,pyopensci-packages|ropensci-packages,,490
Parallel programming,"Applying core parallel software design concepts, methodologies and algorithms for writing parallel code.",parallel-programming,software-engineering,algorithm-scalability-design|atomic-operations|communication-optimisation|concurrent-futures|cuda|dask|dpc-plus-plus|hip|load-balancing|locks|memory-hierarchies|memory-hierarchy-and-data-locality-optimisation|message-passing-interface-mpi|message-passing-parallelism-mpp|multi-processing|multi-threading|openacc|openmp|parallel-data-and-task-decomposition|posix-threads|semaphores|shared-memory-programming|signals|single-instruction-multiple-data-simd|sycl|synchronisation-and-concurrency-control,accelerator-and-gpu-programming|introduction-to-parallel-computing|introduction-to-parallel-programming-by-the-carpentries|parallel-and-high-performance-computing|parallel-scaling-guide|the-art-of-multiprocessor-programming,parallel-computing-and-usage-of-hpc-systems,540
Profiling and optimising code,"Ability to analyse code execution, identify performance bottlenecks and implement changes to improve efficiency and responsiveness.",profiling-and-optimising-code,software-engineering,,,software-validation-and-verification|green-computing|performance-analysis-and-optimisation,420
Programming,"Writing code using the knowledge of programming languages - understanding syntax, algorithms, code and data structures.",programming,software-engineering,algorithms|bash|c|c-sharp|c-plus-plus|fortran|ide|java|javascript|julia|jupyter-notebooks|lisp|makefiles|matlab|numpy|pandas|pascal|prolog|python|r|rstudio|ruby|rust|scala|shell-scripting|typescript,building-better-research-software|introduction-to-good-practices-in-research-software-development-by-the-carpentries|scientific-python-development-guide,computational-scientific-workflows-data-pipelines|data-analysis|data-visualisation,320
Programming paradigms,Ability to understand and apply different approaches to structuring and organising code.,programming-paradigms,software-engineering,cobol|fortran|functional-programming|java|lisp|logic-programming|object-oriented-programming-oop|pascal|procedural-programming|prolog|python|smalltalk,,,550
Reading and understanding code and documentation,"Comprehending technical documents to grasp software functionality, architecture and usage.",reading-and-understanding-code-and-documentation,software-engineering,,,,340
Software architecture and design,Ability to conceptualise and design the foundational structure of a software system aligned with stakeholder requirements.,software-architecture-and-design,software-engineering,design-patterns|entity-relationship-diagrams-erd|microservices|model-view-controller-mvc|n-tier-architecture|uml,,,590
Software debugging,"Ability to use various techniques and tools to identify, isolate and fix errors in software code.",software-debugging,software-engineering,gdb,,log-analysis,400
Software patterns ,"Ability to identify, understand and apply well-established, reusable solutions to common problems in software development.",software-patterns,software-engineering,algorithms|design-patterns,,,560
Software requirements,"Ability to effectively elicit, analyse and document the needs and requirements of stakeholders, translating them into a clear and actionable set of software specifications.",software-requirements,software-engineering,,interviews-with-end-users-of-the-software,,580
Software testing,"Ability to design, execute and analyse various types of tests, covering both manual and automated techniques.",software-testing,software-engineering,acceptance-testing|cypress|github-actions|integration-testing|jasmine|jest|junit|karma|mocha|mockito|postman|pytest|pyunit|sonarqube|system-testing|test-driven-development|unit-testing,building-better-research-software|code-testing-the-turing-way,,390
Software validation and verification,Ensuring that a software system meets specifications and fulfills its intended purpose.,software-validation-and-verification,software-engineering,checkmarx|cypress|jprofiler|selenium|sonarqube|system-testing,,profiling-and-optimising-code,450
Software version control,"Ability to use tools and techniques to track and manage changes to source code, ensuring efficient development and collaboration.",software-version-control,software-engineering,bitbucket|git|github|gitlab|mercurial|svn,carpentries-courses|collaborative-version-control-with-git-and-github-by-the-carpentries|github-documentation|version-control-the-turing-way,,440
Task automation,"Expertise in creation and maintenance of automated scripts and workflows that build, test and deploy software.",task-automation,software-engineering,ansible|aws-codepipeline|azure-devops|bitbucket-pipelines|github-actions|gitlab-cicd|jenkins|makefiles|travis-ci,,computational-scientific-workflows-data-pipelines,520
Text mining,Ability to design expressions to match specific patterns within textual data.,text-mining,software-engineering,regular-expressions,library-carpentry-introduction-to-regular-expressions,,350
General Web technologies and APIs,"Ability to understand, use and implement fundamental technologies for web development and communication.",general-web-technologies-and-apis,web-and-mobile-app-development,html|https|rest|soap|ssltls,,,240
Mobile app development,"Ability to design, implement and optimise the user interface and user experience of mobile applications, translating design concepts into functional, responsive, and visually engaging app interfaces.",mobile-app-development,web-and-mobile-app-development,dart|flutter|react-native|swift|xamarin,,website-development,290
Web accessibility,"Ability to design and build websites and web applications that are usable by everyone, including individuals with disabilities.",web-accessibility,web-and-mobile-app-development,wave,introduction-to-web-accessibility,,250
Web frameworks for back-end development,"Ability to use web frameworks to build and maintain server-side applications, including implementing application logic, interacting with databases, and developing APIs for data and service access.",web-frameworks-for-backend-development,web-and-mobile-app-development,dart|dash|django|express|fastapi|flask|flutter|jekyll|nest|next|node|php|react-native|ruby-on-rails|shiny|streamlit,,web-frameworks-for-frontend-development|website-development,270
Web frameworks for front-end development,Proficiency in using programming tools and libraries to build and maintain the interactive and visual aspects of websites and web applications.,web-frameworks-for-frontend-development,web-and-mobile-app-development,angular|bootstrap|bulma|css|javascript|jquery|node-js|nuxt|react|sass|svelte|tailwind|typescript|vue|wordpress,,web-frameworks-for-backend-development|website-development,260
Website development,Ability to create Web pages or websites to maintain a presence on the World Wide Web.,website-development,web-and-mobile-app-development,css|github-pages|html|javascript|json|markdown|sass|wordpress,,web-frameworks-for-frontend-development|web-frameworks-for-backend-development|mobile-app-development,280
Accessible design,Ability to design and develop user interfaces and experiences that are usable by people with a wide range of abilities and disabilities.,accessible-design,user-interface-user-experience-uiux-design,colour-contrast-checking|wcag,webaim-accesibility-resources,,630
Designing user experience,"Understanding user needs through research, creating intuitive interfaces via wireframing and prototyping and ensuring usability through testing.",designing-user-experience,user-interface-user-experience-uiux-design,graphical-user-interfaces|wireframing,,,620
Designing user interfaces,"Proficiency in design principles, best practices, heuristic, tools and understanding of user behaviour for interface design.",designing-user-interfaces,user-interface-user-experience-uiux-design,graphical-user-interfaces|pyqt|pyside|qt|tkinter|wireframing,,,610
Environment and package management,"Technical proficiency in sourcing, compiling, building and adminstrating software environments (software packages and dependencies).",environment-and-package-management,general-systems-infrastructure,binary-executables|building-systems-from-source|cmake|eessi-io|lmod|spack-io,,system-configuration-and-administration|hpc-software-stack,730
Hardware systems,"Knowledge of the physical components (including CPUs, GPUs, memory and accelerators) that support small and large-scale computational tasks.",hardware-systems,general-systems-infrastructure,cpus|gpus|memory-hierarchies|nfs|server-message-block-smb,,storage-systems|network-architecture-design|network-communication-protocols|systems-architecture-and-infrastructure-design|supercomputer-architecture,660
Network and application security,"Proficiency in protecting networks, systems and applications from security threats.",network-and-application-security,general-systems-infrastructure,authentication|authorisation-and-access-control|aws-web-application-firewall|azure-firewall|cloudflare|encryption|firewalls|google-cloud-armor|https|ipsec|iptables|microsoft-defender|nftables|pf|ssh|ssltls|vulnerability-management,what-is-authorization-and-access-control,network-communication-protocols|system-configuration-and-administration|web-security,700
Network architecture design,"Ability to design and optimise network structures and topologies to ensure reliable, secure and high-performance communication between systems, considering factors such as scalability, latency, bandwidth and fault tolerance.",network-architecture-design,general-systems-infrastructure,infiniband|network-architecture|network-performance-analysis|network-resilience-and-fault-tolerance|network-topology-design|routing-and-traffic-engineering,,hardware-systems|network-communication-protocols|systems-architecture-and-infrastructure-design|supercomputer-architecture,680
Network communication protocols,"Understanding how information is transmitted, routed and received across networks.",network-communication-protocols,general-systems-infrastructure,border-gateway-protocol-bgp|dns|ftpsftp|https|imap|infiniband|internet-protocol-ip|ipsec|pop3|routing-algorithms|smtp|tcp|udp|websocket,,hardware-systems|network-architecture-design|network-and-application-security|system-configuration-and-administration|web-protocols|web-security,690
Storage systems,"Ability to design, configure, manage and optimise systems used to store, organise, protect, and retrieve digital data, including storage hardware, storage architectures, data management strategies and reliability mechanisms.",storage-systems,general-systems-infrastructure,data-availability-and-capacity-planning|data-redundancy-and-reliability|nfs|opendap|storage-architecture|storage-hardware,,data-and-database-management|hardware-systems|systems-architecture-and-infrastructure-design|system-configuration-and-administration|highperformance-storage-systems,670
System configuration and administration,"
Ability to configure, manage and maintain systems to support live applications and services.",system-configuration-and-administration,general-systems-infrastructure,ansible|argo|argo-cd|helm|immutable-operating-systems|linux|macos|microsoft-windows|operating-systems|packer|posix-file-permissions|singularity|sylc|terraform|unix|unix-domain-sockets,,storage-systems|network-communication-protocols|network-and-application-security|environment-and-package-management,720
Systems architecture and infrastructure design,"Ability to design integrated computing systems by selecting and organising compute, storage, and networking components to meet performance, scalability and reliability requirements.",systems-architecture-and-infrastructure-design,general-systems-infrastructure,,,hardware-systems|storage-systems|network-architecture-design,710
Web and application servers,Ability to manage and maintain the infrastructure that hosts websites and Web applications and services.,web-and-application-servers,web-infrastructure,apache-tomcat|apache-web-server|nginx|node-js|wildfly,,,910
Web protocols,"Ability to understand, implement, and manage the various communication standards that govern data exchange on the Web.",web-protocols,web-infrastructure,dns|https|ssltls,,network-communication-protocols,890
Web security,"Ability to protect websites, Web applications and web infrastructure from various online threats and vulnerabilities.",web-security,web-infrastructure,https|ipsec|public-key-certificates|ssh|ssltls,,network-communication-protocols|network-and-application-security,900
Cluster infrastructure,"Familiarity with cluster infrastructure's physical components including compute nodes, head nodes, login nodes, interconnects, networking, lock management.",cluster-infrastructure,hpc-infrastructure,redhat-cluster-suite,cloud-native-glossary|redhat-cluster-suite,cost-modelling|highperformance-storage-systems,820
Cluster management,"Managing and maintaining HPC clusters to ensure reliability, performance, and availability. This includes system configuration, resource allocation, user and quota management, security, monitoring, upgrades, and troubleshooting hardware and software issues in multi-user, large-scale computing environments.",cluster-management,hpc-infrastructure,ansible|ganglia|grafana|nagios|prometheus|warewulf|xcat,,hpc-software-stack|job-scheduling-and-resource-management,840
High-performance storage systems,"Ability to design, configure and use storage systems that allow multiple processes or compute nodes to read and write data simultaneously, enabling high-throughput data access in parallel and distributed computing environments.",highperformance-storage-systems,hpc-infrastructure,aws-s3|beegfs|fast-storage|gpfs|lustre|parallel-file-systems|storage-performance-management,,storage-systems|supercomputer-architecture|cluster-infrastructure|hpc-software-stack,810
HPC software stack,"Understanding of the layered software environment that enables high-performance computing, including operating systems, compilers, libraries, middleware, runtimes, and scientific applications. This includes configuring, deploying, and maintaining software to support efficient and reproducible computation on HPC systems.",hpc-software-stack,hpc-infrastructure,binary-executables|blas|compilers|cuda|gcc|gdb|intel-vtune|lapack|libraries|linux|message-passing-interface-mpi|nvidia-hpc-sdk|nvidia-nsight|openmp|operating-systems|unix|valgrind,,environment-and-package-management|highperformance-storage-systems|cluster-management,830
Job scheduling and resource management,"Understanding of job schedulers and resource management to allocate compute resources effectively. This includes writing job submission scripts, understanding queue policies, optimising resource requests, and supporting fair and efficient use of shared HPC infrastructure.",job-scheduling-and-resource-management,hpc-infrastructure,cgroups|htcondor|job-scheduling|load-balancing|load-sharing-facility-lsf|oracle-grid-engine|portable-batch-system-pbs|simple-linux-utility-for-resource-management-slurm,,cluster-management|parallel-computing-and-usage-of-hpc-systems,850
Parallel computing and usage of HPC systems,"Understaning of cluster operation and proficiency in using HPC infrastructures and running, scaling and optimising parallel applications on high-performance computing systems.",parallel-computing-and-usage-of-hpc-systems,hpc-infrastructure,apache-spark|cuda|distributed-computing|hpc-tiers|load-balancing|memory-hierarchies|post-processing|ray|scalability-analysis,introduction-to-parallel-computing|parallel-and-high-performance-computing|the-art-of-multiprocessor-programming,parallel-programming|job-scheduling-and-resource-management|performance-analysis-and-optimisation,870
Performance analysis and optimisation,Ability to profile and benchmark applications to identify bottlenecks and optimise applications and systems on HPC systems for high performance.,performance-analysis-and-optimisation,hpc-infrastructure,arm-map|arm-performance-reports|excalibur-tests|extrae|hpctoolkit|intel-advisor|paraver|reframe|scalasca|tau|vampir,,profiling-and-optimising-code|parallel-computing-and-usage-of-hpc-systems,860
Supercomputer architecture,"Understanding of supercomputer architectures (e.g., node types, interconnects, storage systems).",supercomputer-architecture,hpc-infrastructure,,,hardware-systems|network-architecture-design|highperformance-storage-systems,800
Cloud computing,"Ability to work with cloud services, platforms, and technologies in a cost-efficient and optimised manner.",cloud-computing,cloud-infrastructure,aws|azure|terraform,optimize-athena-performance,serverless-computing,770
Cost modelling,"Ability to estimate, monitor and optimise the cost of cloud resources and services.",cost-modelling,cloud-infrastructure,aws-pricing-calculator|azure-calculator|cloud-cost-calculators|remora|simgrid|slurm-accounting-tools,green500,cluster-infrastructure,750
Serverless computing,"Proficiency in serverless technologies, understanding of event-driven architectures and a cloud computing execution model that allows one to build and run application code without provisioning or managing servers or back-end infrastructure and allocates machine resources on an as-used basis. ",serverless-computing,cloud-infrastructure,aws-lambda|azure-functions|google-cloud-functions|netlify,,cloud-computing,760
Virtualisation and container infrastructure,"Ability to create, manage, orchestrate and troubleshoot virtualisation technologies, including the ability to deploy, scale, and monitor applications running within them.",virtualisation-and-container-infrastructure,cloud-infrastructure,ansible|apptainer|awx|docker|kro|microsoft-hyper-v|netbox|oracle-virtualbox|podman|pulumi|singularity|virtualbox|vmware,,containerisation,780
Adaptability of technical skills across domains,"Ability to apply scientific, technical or engineering methodologies to different domains and problems.",adaptability-of-technical-skills-across-domains,domain-knowledge,,,adaptability,1590
Domain-specific background knowledge,"An understanding of concepts, theories, and best practices within a particular field or discipline.",domainspecific-background-knowledge,domain-knowledge,,,,1570
Specialist technical or hardware knowledge,Knowledge of specialised computer or hardware systems designed to control specific functions within a larger device or machine,specialist-technical-or-hardware-knowledge,domain-knowledge,arduino|controlling-actuators|embedded-systems|internet-of-things-iot|medical-devices|radars|raspberry-pi|satellite-hardware|sensors|system-on-a-chip-soc,,,1600
Translating technical language for all stakeholders,"Translating between technical software engineering concepts and the language of non-software-engineer stakeholders, such as researchers, scientists or other business or academic teams.",translating-technical-language-for-all-stakeholders,domain-knowledge,simplifying-technical-jargon,,public-speaking-and-presentation|technical-writing,1580
Ethical responsibility,"Ability to identify potential ethical concerns related to research subjects' welfare, data collection, storage and security methods, informed consent and privacy.",ethical-responsibility,research-skills,care-principles-for-indigenous-data-governance|ethics-approvals|gdpr,five-things-you-need-to-know-about-research-data-management-and-the-law,,1660
"Finding, understanding and synthesising relevant information","Ability to do literature review - find, read and digest relevant research and synthesise information from multiple sources (such as academic literature, reports, books and research papers) and critically assess its relevance, credibility, and quality.",finding-understanding-and-synthesising-relevant-information,research-skills,arxiv|google-scholar|rayyan|systematic-literature-review,often-offered-by-university-libraries,research-methodologies,1630
Legal and regulatory responsibility,Understanding of legislation and legal responsibilities when conducting work in specific research areas.,legal-and-regulatory-responsibility,research-skills,clinical-trials-regulations|export-control|gdpr|intellectual-property-ip|licensing|medical-devices,ethical-and-legal-issues-university-of-liverpool|ethical-and-legal-issues-university-of-oxford|know-your-legal-and-ethical-responsibilities,intellectual-property-ip-and-software-licensing,1670
Peer review of research papers,"Ability to provide constructive, evidence-based feedback on other people’s work to improve quality, foster learning and advance research.",peer-review-of-research-papers,research-skills,,,providing-positive-and-constructive-feedback,1650
Research methodologies,"Expertise in research methodology - formulating testable predictions based on observations, theories or existing knowledge and systematically evaluating them through empirical methods.",research-methodologies,research-skills,connected-papers|covidence|endnote|experimental-design|labview|matlab|mendeley|paper-digest|qualitative-methods|quantitative-methods|rayyan|reference-management|preregistration|simulations|systematic-literature-review|zotero,reference-management-a-practical-guide,data-acquisition|data-analysis|data-visualisation|finding-understanding-and-synthesising-relevant-information,1620
Writing research papers,"Ability to present research ideas and work in research and scientific publications, including presenting evidence, evaluation and argumentation in academic paper structure.",writing-research-papers,research-skills,bibtex|endnote|formatting-text|latex|mendeley|overleaf|reference-management|zotero,academic-writing-workshopscourses|reference-management-a-practical-guide,technical-writing,1640
Adaptability,"Ability to adjust to new conditions, changes in the environment or unexpected challenges.",adaptability,personal-skills,,,adaptability-of-technical-skills-across-domains,970
Analytical skills and problem solving,"Ability to break down complex problems, evaluate information and available options critically, and select the most effective solution based on logical reasoning.",analytical-skills-and-problem-solving,personal-skills,,introducing-computational-thinking,,940
Business acumen,Understanding and application of fundamental business principles to make informed decisions that drive success.,business-acumen,personal-skills,,,,990
Curiosity,"Being inquisitive and willing to ask questions, explore new ideas and seek deeper understanding.",curiosity,personal-skills,,,innovation-and-creativity|asking-for-help-or-asking-to-understand|lifelong-learning,950
Decision making,"Ability to assess information, weigh options, consider potential outcomes and choose the best course of action in a given situation.",decision-making,personal-skills,decision-making-processes,,,1050
Goal-setting,"Ability to identify, plan and work toward achievable objectives, both short- and long-term, with focus and discipline.",goalsetting,personal-skills,,,,1010
Innovation and creativity,"Ability to think outside the box, generate new ideas and find novel solutions to problems or opportunities.",innovation-and-creativity,personal-skills,design-thinking,,curiosity,1020
Integrity and ethics,"Being ethical, acting with honesty, fairness and respect and upholding strong moral principles even when it is difficult or inconvenient.",integrity-and-ethics,personal-skills,,,,1000
Maintaining focus,Ability to concentrate on a specific task despite distractions.,maintaining-focus,personal-skills,pomodoro,,,1040
Positive engagement,"Demonstrating a genuine interest, energy, enthusiasm and positive attitude toward tasks, learning and collaboration.",positive-engagement,personal-skills,,improv-yes-and-exercise,,960
Resilience,"Ability to recover from setbacks, cope with stress and maintain motivation and focus in face of difficulties.",resilience,personal-skills,,,,980
Self-reflection,Ability to conduct reflective practice and identify opportunities for growth and improvement.,selfreflection,personal-skills,,,,1070
Time management and context switching,"Ability to effectively prioritise and shift focus between competing demands, manage deadlines and allocate time across multiple responsibilities without sacrificing quality.",time-management-and-context-switching,personal-skills,time-management|workspace-management,,,1030
"Understanding of mental health, stress and burnout","Awareness of emotional well-being, recognising signs of stress or burnout in yourself and others, and applying strategies for maintaining mental health.",understanding-of-mental-health-stress-and-burnout,personal-skills,,mental-health-free-courses-open-university|task-management-for-humans-as-self-care-summary-and-setup,,1060
Conflict prevention and resolution,"Ability to identify potential sources of conflict and address them constructively through communication, compromise and mediation.",conflict-prevention-and-resolution,interpersonal-skills,,bringing-up-problems-at-work-without-making-things-worse|difficult-conversations-how-to-discuss-what-matters-most|handling-conflict|how-to-say-no-at-work-without-guilt-or-conflict,conflict-prevention-and-resolution,1140
Cultural awareness and sensitivity,"Ability to recognise, respect, and appropriately respond to cultural differences in beliefs, behaviors, and communication styles",cultural-awareness-and-sensitivity,interpersonal-skills,,the-culture-map-by-erin-meyer,edia-awareness,1090
EDIA awareness,"Understanding principles of Equity, Diversity, Inclusion, and Accessibility (EDIA), and actively applying inclusive practices in your work and environment.",edia-awareness,interpersonal-skills,,ally-skills-training|understanding-neurodiversity,cultural-awareness-and-sensitivity|recognising-stereotypes-and-unconscious-bias,1120
"Emotional intelligence, empathy and respect for others","Ability to understand, manage and respond to your own emotions and those of others, fostering trust, respect and effective communication.",emotional-intelligence-empathy-and-respect-for-others,interpersonal-skills,,10-ways-to-be-respectful|the-benefits-of-mindfulness-and-five-common-myths-surrounding-it,,1100
"Influencing, persuasion and negotiation","Communicating effectively to shape opinions, reach agreements, and achieve mutually beneficial outcomes while respecting others' viewpoints",influencing-persuasion-and-negotiation,interpersonal-skills,,,understanding-other-peoples-goals-and-motivations,1150
Patience,"Ability to remaining calm, tolerant and professional during complex or slow processes.",patience,interpersonal-skills,,,,1110
Recognising stereotypes and unconscious bias,"Identifying automatic, often unconscious, biases - in oneself, collegues or community - and consciously challenging them to avoid discrimination.",recognising-stereotypes-and-unconscious-bias,interpersonal-skills,recognising-stereotypes,,edia-awareness,1130
Asking for help or asking to understand,"Willingness to seek clarification, request support or ask thoughtful questions to enhance understanding and avoid mistakes.",asking-for-help-or-asking-to-understand,teamwork,,,curiosity|understanding-extracting-and-documenting-other-peoples-ideas-or-knowledge,1170
Collaboration,"Working effectively with others, sharing resources and coordinating efforts to achieve shared objectives.",collaboration,teamwork,,,using-collaborative-tools|community-engagement,1180
"Understanding, extracting and documenting other people's ideas or knowledge","Ability to actively listen, ask clarifying questions and accurately capture and organise another person’s insights or expertise for shared use.",understanding-extracting-and-documenting-other-peoples-ideas-or-knowledge,teamwork,,,asking-for-help-or-asking-to-understand|active-listening,1200
Using collaborative tools,"Ability to effectively use collaborative platforms and tools for sharing ideas, content and real-time collaboration across distances.",using-collaborative-tools,teamwork,codimd|dropbox|github|google-docs|hedgedoc|mattermost|microsoft-teams|slack,a-guide-to-using-virtual-events-to-facilitate-community-building-selecting-and-testing-online-tools,collaboration,1190
Active listening,Ability to be an attentive and engaged listener.,active-listening,verbal-and-written-communication,,,understanding-extracting-and-documenting-other-peoples-ideas-or-knowledge,1750
Assertive communication,"Ability to be assertive in communication, including setting boundaries and declining requests firmly and politely when needed.",assertive-communication,verbal-and-written-communication,,,,1770
Information synthesis and concise written communication,Ability to structure and condense information in a written form for engaging with a diverse audience.,information-synthesis-and-concise-written-communication,verbal-and-written-communication,communication-with-general-public|communication-with-non-technical-audiences|communication-with-technical-audiences|writing-blog-posts,,documenting-software|technical-writing|knowledge-exchange,1710
Multimedia and social content production,"Ability to create, edit, and manage various forms of digital content across multiple media platforms, e.g. graphic design, audio/video/animation production, social media, etc.",multimedia-and-social-content-production,verbal-and-written-communication,adobe-illustrator|adobe-photoshop|adobe-premiere|bluesky|canva|linkedin|mastodon|obs|podcasts|x|youtube,social-media-for-research-communications-the-turing-way,,1730
Note taking,Ability to document and organise meeting information and capture clear actions.,note-taking,verbal-and-written-communication,recording-clear-actions,,,1740
Providing positive and constructive feedback,"Ability to offer supportive and insightful feedback and review comments on other's work to improve quality, foster learning, and uphold standards.",providing-positive-and-constructive-feedback,verbal-and-written-communication,,cscce-mini-workshop-on-the-topic-of-giving-and-receiving-feedback|shared-documents-and-constructive-collaboration|thanks-for-the-feedback,peer-review-of-research-papers,1760
Public speaking and presentation,"Public speaking, presentation and communication with a diverse audience (general public, non-technical, technical or cross-disciplinary audiences).",public-speaking-and-presentation,verbal-and-written-communication,communication-with-general-public|communication-with-non-technical-audiences|communication-with-technical-audiences|designing-presentations|google-slides|microsoft-powerpoint,effective-communication-in-the-workplace|presenting-posters-and-conference-talks-the-turing-way|ptp-public-speaking-courses,translating-technical-language-for-all-stakeholders|knowledge-exchange,1700
Technical writing,"Ability to create clear, concise, and structured technical documentation.",technical-writing,verbal-and-written-communication,communication-with-technical-audiences|latex|markdown|mkdocs|overleaf|quarto|r-markdown|read-the-docs|sphynx|technical-documentation|technical-or-scientific-reports,,documenting-software|translating-technical-language-for-all-stakeholders|writing-research-papers|information-synthesis-and-concise-written-communication,1720
Community building and leadership,"Ability to inspire, guide and mobilise people toward a shared vision or a goal.",community-building-and-leadership,community-and-outreach,,a-guide-to-using-virtual-events-to-facilitate-community-building-selecting-and-testing-online-tools|community-participation-model-cscce|cscces-guide-on-how-to-steward-large-scale-collaborations|githubs-building-community,setting-a-mission|community-governance-and-management|open-project-culture-structure-and-practices,1820
Community engagement,"Ability to actively and constructively participate in professional, research and open communities in ways that build relationships, enable collaboration, support others and strengthen shared goals.",community-engagement,community-and-outreach,,outlining-the-structure-of-your-open-source-software-project,collaboration,1850
Community governance and management,"Setting norms, structures and processes to guide decision-making, coordination, communication and participation within a community.",community-governance-and-management,community-and-outreach,assessing-community-health|code-of-conduct|decision-making-processes|githubs-minimum-viable-governance|marthas-rules|mattermost|meeting-rules|onboarding-new-members|slack|understanding-and-defining-community-roles,3-metrics-to-measure-your-open-source-community-health|chaoss-community-metrics|community-governance-resources|githubs-building-community|governance-in-the-turing-way|metadocencia-builds-its-governance-collaboratively|redhat-open-source-project-health-checklist|ukris-guide-to-appling-for-funding,meeting-chairing-and-management|community-building-and-leadership|open-project-culture-structure-and-practices,1830
Networking and relationship building,"Establishing connections at professional gatherings to exchange knowledge, support and opportunities for growth.",networking-and-relationship-building,community-and-outreach,,,,1800
"Open project culture, structure and practices ","Understanding of different open science or open source communities of practice and how they work - structures, norms, governance, incentives and sustainability.",open-project-culture-structure-and-practices,community-and-outreach,open-source-principles,apache-software-foundation|galaxy-project|jupyter-project|linux-foundation|open-source-software-oss-foundations|python-software-foundation|r-foundation|research-software-alliance-resa|what-is-open-source-software-oss,starting-an-organisation|community-building-and-leadership|community-governance-and-management,1840
Peer support and creating safe spaces,"Providing emotional, social and practical support to other members of a community, fostering mutual understanding, encouragement and personal growth.",peer-support-and-creating-safe-spaces,community-and-outreach,,,,1790
Raising awareness of or advocating for issues,"Identifying, communicating and educating others about a specific problem to generate action, support or change.",raising-awareness-of-or-advocating-for-issues,community-and-outreach,,,,1810
Knowledge exchange,"Ability to share information, expertise and good practices within a team, organisation or community.",knowledge-exchange,teaching-and-learning,canva|google-slides|microsoft-powerpoint|onboarding-new-members|pair-programming|presentations,,public-speaking-and-presentation|information-synthesis-and-concise-written-communication,1900
Lifelong learning,"Ongoing, voluntary and self-motivated pursuit of learning for either personal or professional reasons.",lifelong-learning,teaching-and-learning,,,curiosity,1890
Pedagogical skills and theory of learning,"Ability to design, deliver and evaluate teaching based on an understanding of the theory of how people learn and how best to teach them.",pedagogical-skills-and-theory-of-learning,teaching-and-learning,,carpentries-instructor-training|enseando-tecnologa-en-comunidadspanish|teaching-tech-together,,1870
Self-learning,Ability to learn independently and teach oneself new technical and non-technical skills.,selflearning,teaching-and-learning,,,,1880
Teaching and training others,"Ability to convey theoretical and practical knowledge to others, address misconceptions, etc. in training events, while applying good practice from pedagogical theory.",teaching-and-training-others,teaching-and-learning,,carpentries-instructor-training|enseando-tecnologa-en-comunidadspanish|teaching-tech-together,,1910
Training material development,"Ability to design and develop various short-format training materials (tutorials, courses, etc.), while applying good practice from pedagogical theory.",training-material-development,teaching-and-learning,,carpentries-collaborative-lesson-development-training,,1920
Acknowledgement of contributions,"Acknowledging and appreciating contributions and achievements of team members, reinforcing positive behavior and boosting morale.",acknowledgement-of-contributions,people-and-team-management,,,,1270
Recruiting people,"Ability to recruite suitable candidates for a position, including the creation of clear and effective job descriptions that outline roles, responsibilities, qualifications and expectations.",recruiting-people,people-and-team-management,,,,1250
Shielding colleagues from destructive criticism,"Protecting team members from unconstructive or harmful feedback by offering support and ensuring criticism is delivered in a constructive, respectful manner.",shielding-colleagues-from-destructive-criticism,people-and-team-management,,,,1280
Team building and development,"Ability to bring new people, improve skills, knowledge, and overall capabilities in a team, and foster a positive and collaborative environment that enhances teamwork.",team-building-and-development,people-and-team-management,,exploring-career-mentoring-and-coaching,mentoring-and-coaching,1260
Team management,"Ability to lead, coordinate and motivate a group of individuals to achieve common goals.",team-management,people-and-team-management,,,,1230
Team performance management,"Ability to set goals, monitor progress, provide feedback and evaluate performance of team members to improve efficiency and effectiveness.",team-performance-management,people-and-team-management,,,,1240
Understanding other people's goals and motivations,"Ability to empathise with and gain insight into the personal and professional goals of others, allowing for better collaboration, conflict resolution and alignment within teams.",understanding-other-peoples-goals-and-motivations,people-and-team-management,,,influencing-persuasion-and-negotiation,1290
Budget management,"Ability to plan, allocate, monitor and control financial resources to ensure that activities are delivered within budget while meeting objectives.",budget-management,programme-and-project-management,,,,1420
Content and knowledge management,"Ability to organise, store, share and leverage information and resources within an organisation or community effectively making it easily accessible, well-documented and utilised in decision-making, problem-solving and innovation.",content-and-knowledge-management,programme-and-project-management,atlassian-confluence|content-management-systems|drupal|google-docs|google-sheets|microsoft-sharepoint|wordpress,,,1490
Crisis and change management,"Ability to effectively navigate and manage sudden, unexpected situations (crisis) and significant transformations (change) within an organisation or project.",crisis-and-change-management,programme-and-project-management,,,,1460
Event management,"Ability to plan, organise and execute events efficiently, ensuring that all aspects are well-coordinated and meet the goals of the event.",event-management,programme-and-project-management,,event-organisation-guide,,1470
Gathering and understanding stakeholder requirements,"Ability to actively listen to and engage with users, funders and other stakeholders to identify their needs, expectations and constraints - including asking the right questions, clarifying assumptions and documenting requirements in a way that can guide project planning and delivery.",gathering-and-understanding-stakeholder-requirements,programme-and-project-management,stakeholder-analysis,,,1520
Meeting chairing and management,"Ability to lead and facilitate meetings effectively, ensuring they are well-organised, productive, achieve their objectives and encourage respectful and active participant engagement.",meeting-chairing-and-management,programme-and-project-management,code-of-conduct|guiding-discussions|meeting-rules|setting-agenda,,project-management|community-governance-and-management,1500
Portfolio management,"Ability to oversee and manage a programme of work or a collection of projects within an organisation to ensure that they align with the strategic goals, priorities and resource availability.",portfolio-management,programme-and-project-management,,,,1440
Project management,"Knowledge of the frameworks, processes and best practices that guide how a project is planned, executed, monitored and evaluated.",project-management,programme-and-project-management,agile|delegation|prince2|scrum|waterfall,cscces-project-management-for-stem-professionals|harvard-business-review-project-management-handbook-how-to-launch-lead-and-sponsor-successful-projects|university-of-manchester-internal-agilescrum-course-work-in-progress,project-scoping-and-setting-realistic-goals|meeting-chairing-and-management|stakeholder-and-user-engagement,1410
Project scoping and setting realistic goals,"Ability to define and clarify the boundaries, objectives and expected outcomes of a project, ensuring that they are achievable, measurable and aligned with the available resources.",project-scoping-and-setting-realistic-goals,programme-and-project-management,data-management-plans|software-management-plans,,project-management,1400
Risk management,"Ability to identify, assess, mitigate and monitor risks that could negatively affect a project, organisation or process.",risk-management,programme-and-project-management,risk-matrix,,,1450
Stakeholder and user engagement,"Building and maintaining positive relationships with stakeholders or users by communicating clearly, understanding their needs, involving them in the process, gathering feedback and providing value and ensuring satisfaction with the final product or service.",stakeholder-and-user-engagement,programme-and-project-management,,,project-management,1540
Stakeholder management,"Ability to manage expectations of different stakeholders (e.g. partners and PIs), negotiation between partner needs and RSE practicalities.",stakeholder-management,programme-and-project-management,stakeholder-analysis,,,1480
Task management,"Ability to effectively identify, break down, organise, assign, prioritise and track tasks and the use of resources (time, money and human resources) to ensure goals are achieved efficiently, within scope, and on schedule.",task-management,programme-and-project-management,asana|gantt-charts|github-issues|github-projects|trello,task-management-wikipedia,,1430
Understanding institutional bureaucracy or politics,"Ability to navigate and make sense of the complex structures, rules, power dynamics and interpersonal relationships within academic institutions.",understanding-institutional-bureaucracy-or-politics,programme-and-project-management,,,,1510
Business development and grant proposal writing ,"Understanding the needs and interests of potential funders or decision-makers, articulating the goals and benefits of the proposed project or business case in a clear and persuasive way and providing strong justification for why it should be supported.  ",business-development-and-grant-proposal-writing,leadership,data-management-plans|software-management-plans,budget-allocations-for-uk-research-and-innovation|everything-you-wanted-to-know-about-applying-for-grants-but-didnt-ask|funding-higher-education-in-england|funding-higher-education-in-northern-ireland|funding-higher-education-in-scotland|funding-higher-education-in-wales|how-to-write-a-good-application|uk-research-funding-model|ukris-guide-to-appling-for-funding,,1340
Leading change,"Ability to create a shift in mindset and behavior, empowering individuals and ensuring that the change is sustainable in the long run - drawing on emotional intelligence, strategic thinking, communication and organisational management.",leading-change,leadership,,leadership-and-followership,,1360
Long-term strategic planning,"Ability to do horizon scanning (identify emerging trends, technologies, risks and opportunities and anticipate their impact on research) in order to develop a roadmap for an organisation or initiative's future direction over an extended period of time.",longterm-strategic-planning,leadership,,futures-foresight-and-horizon-scanning,,1310
Mentoring and coaching,"Providing guidance, support and advice to a less experienced individual to help them grow personally and professionally.",mentoring-and-coaching,leadership,,exploring-career-mentoring-and-coaching,team-building-and-development,1320
Motivation and inspiration,"Ability to encourage, energise, and empower others to take action, pursue goals, or strive for continuous improvement",motivation-and-inspiration,leadership,,,,1330
Setting a mission,"Ability to define and articulate a clear mission that expresses the purpose, goals, and intended impact of a project, initiative, team or organisation, providing direction and alignment for decision-making and activities.",setting-a-mission,leadership,,missions-a-beginners-guide,starting-an-organisation|community-building-and-leadership,1370
Setting policies and guidelines,"Ability to analyse processes, identify areas for improvement and design clear policies and practical guidelines that establish standards, expectations or good practices within a project, organisation or across institutions.",setting-policies-and-guidelines,leadership,,10-simple-rules-for-writing-10-simple-rules-papers,,1350
Starting an organisation,"Conceive, establish and formally structure a new entity, including defining its mission and scope, setting up governance and operational processes, securing resources, and ensuring legal, financial, and technical foundations are in place",starting-an-organisation,leadership,,how-to-build-a-skills-based-organisation-in-5-steps|how-to-start-a-nonprofit-organisation-in-the-uk|open-source-project-culture-and-practices,setting-a-mission|open-project-culture-structure-and-practices,1380
