name,description,slug,kind,url,learning_resources
Zotero,A free easy-to-use tool to help you collect organise cite and share research.,zotero,tool,https://www.zotero.org/,
Zip files,An archive file format that supports lossless data compression. ,zip-files,tool,https://en.wikipedia.org/wiki/ZIP_(file_format),
YouTube,An online video sharing platform owned by Google.,youtube,tool,https://www.youtube.com,
YAML,A human-friendly data serialisation standard for all programming languages.,yaml,language,https://yaml.org/,
Yacc,"A parser generator tool for Unix-like systems, generating C source code.",yacc,tool,https://en.wikipedia.org/wiki/Yacc,
XQuery,A query and functional programming language that queries collections of XML data.,xquery,language,https://www.w3.org/TR/xquery-31/,
XML databases,Systems that allow data to be stored in XML format and queried.,xml-databases,tool,https://en.wikipedia.org/wiki/XML_database,
XML,A markup language that defines a set of rules for encoding documents in a format that is both human- and machine-readable.,xml,language,https://en.wikipedia.org/wiki/XML,
XGBoost,An optimised distributed gradient boosting library designed to be highly efficient flexible and portable.,xgboost,tool,https://xgboost.ai/,
xCAT,"An open-source tool for automating deployment, scaling, and management of bare metal servers and virtual machines.",xcat,tool,https://xcat.org/,
Xamarin,An open-source platform for building modern and performant applications for iOS Android and Windows with .NET.,xamarin,tool,https://dotnet.microsoft.com/en-us/apps/xamarin,
X,"Formerly Twitter, a microblogging and social media network.",x,tool,https://x.com,
Writing blog posts,The practice of creating short informal articles for digital distribution.,writing-blog-posts,methodology,https://en.wikipedia.org/wiki/Blog,
Workspace management,The collection of relevant data to create workspaces that efficiently accommodate both employees and equipment.,workspace-management,methodology,https://www.witco.io/blog/guide-to-workspace-management,
WordPress,An open-source web content management system written in PHP.,wordpress,tool,https://wordpress.org/,
Wireframing,A visual guide that represents the skeletal framework of a website.,wireframing,methodology,https://en.wikipedia.org/wiki/Website_wireframe,
WildFly,"A fast, lightweight, open-source Java application server from Red Hat, implementing Jakarta EE (formerly Java EE) and MicroProfile standards.",wildfly,tool,https://www.wildfly.org/,
WebSocket,A computer communications protocol providing full-duplex communication channels over a single TCP connection.,websocket,methodology,https://en.wikipedia.org/wiki/WebSocket,
Webscraping,The process of using bots to extract content and data from a website.,webscraping,methodology,https://en.wikipedia.org/wiki/Web_scraping,
WDL,Workflow Description Language a way to specify data processing workflows.,wdl,language,https://openwdl.org/,
WCAG,The Web Content Accessibility Guidelines for making web content more accessible to people with disabilities.,wcag,methodology,https://www.w3.org/WAI/standards-guidelines/wcag/,
WAVE,A suite of evaluation tools that helps authors make their web content more accessible.,wave,tool,https://wave.webaim.org/,
Waterfall,The process of performing the typical software development life cycle phases in sequential order.,waterfall,methodology,https://en.wikipedia.org/wiki/Waterfall_model,
Warewulf,A stateless cluster management suite designed for high-performance computing.,warewulf,tool,https://warewulf.org/,
Vulnerability management,"Vulnerability management is a continuous and proactive process of identifying, assessing and addressing security weaknesses in IT systems throughout their lifecycle.",vulnerability-management,methodology,https://www.ncsc.gov.uk/collection/vulnerability-management,
Vue,A progressive framework for building user interfaces using JavaScript.,vue,tool,https://vuejs.org/,
VMware,A provider of cloud computing and virtualisation software and services.,vmware,tool,https://www.vmware.com/,
VirtualBox,A powerful x86 and AMD64/Intel64 virtualisation product for enterprise and home use.,virtualbox,tool,https://www.virtualbox.org/,
Vampir,A tool for the visualisation and analysis of the behavior of complex parallel applications.,vampir,tool,https://vampir.eu/,
Valgrind,An instrumentation framework for building dynamic analysis tools for memory debugging.,valgrind,tool,https://valgrind.org/,
Unsupervised learning,A type of algorithm that learns patterns from untagged data.,unsupervised-learning,methodology,https://en.wikipedia.org/wiki/Unsupervised_learning,
Unix Domain Sockets,A data communications endpoint for exchanging data between processes executing on the same host.,unix-domain-sockets,tool,https://en.wikipedia.org/wiki/Unix_domain_socket,
Unix,A modular operating system standard that promoted open development and influenced modern computing.,unix,tool,https://www.opengroup.org/unix,
Unit testing,A software testing method by which individual units of source code are tested to determine if they are fit for use.,unit-testing,methodology,https://en.wikipedia.org/wiki/Unit_testing,
Understanding and defining community roles,"Identifying responsibilities and expectations of individuals or groups within a community to support effective participation, collaboration, and shared goals.",understanding-and-defining-community-roles,methodology,https://guidebook.theopensourceway.org/growing-contributors/understanding-community-roles,
UML,Unified Modeling Language providing a standard way to visualise the design of a system.,uml,language,https://www.uml.org/,
UDP,"User Datagram Protocol (UDP)  is fast, lightweight, connectionless transport layer protocol used in IT networks that prioritises speed over reliability by sending data (datagrams) immediately without establishing a connection with no guarantee of packet delivery, ordering or error correction. ",udp,methodology,https://en.wikipedia.org/wiki/User_Datagram_Protocol,
TypeScript,A high-level programming language that adds static typing with optional type annotations to JavaScript.,typescript,language,https://www.typescriptlang.org/,
Triple stores,A purpose-built database for the storage and retrieval of triples through semantic queries.,triple-stores,tool,https://en.wikipedia.org/wiki/Triplestore,
Trello,A web-based Kanban-style list-making application for project management.,trello,tool,https://trello.com/,
Travis CI,A hosted continuous integration service used to build and test software projects hosted on sites like GitHub.,travis-ci,tool,https://www.travis-ci.com/,
Transfer Learning,A machine learning technique where a model developed for a task is reused as the starting point for a second task.,transfer-learning,methodology,https://en.wikipedia.org/wiki/Transfer_learning,
TOML,"Tom's Obvious, Minimal Language (TOML) is a file format for configuration files that is easy to read.",toml,language,https://toml.io/en/,
Toad,A database management toolset from Quest used for application development and administration.,toad,tool,https://www.quest.com/products/toad/,
TkInter,The standard Python interface to the Tk GUI toolkit which is bundled with Python by default.,tkinter,tool,https://docs.python.org/3/library/tkinter.html,
Time management,"The process of planning and controlling how you spend your time to increase efficiency, productivity, and effectiveness.",time-management,methodology,https://en.wikipedia.org/wiki/Time_management,
Test Driven Development,A software development process relying on the repetition of a very short development cycle.,test-driven-development,methodology,https://en.wikipedia.org/wiki/Test-driven_development,
Tesseract,An open source optical character recognition engine for various operating systems.,tesseract,tool,https://github.com/tesseract-ocr/tesseract,
Terraform,An infrastructure as code tool that lets you build change and version cloud resources safely.,terraform,tool,https://www.terraform.io/,
TensorFlow-GAN,A lightweight library for training and evaluating Generative Adversarial Networks.,tensorflow-gan,tool,https://github.com/tensorflow/gan,
TensorFlow,An end-to-end open source platform for machine learning developed by Google.,tensorflow,tool,https://www.tensorflow.org/,
Technical or scientific reports,"A technical report is a formal, structured document that conveys, analyses, and explains technical, scientific, or research information, focusing on processes, results, and recommendations",technical-or-scientific-reports,methodology,https://en.wikipedia.org/wiki/Technical_report,
Technical documentation,"Technical documentation is the structured creation of materials (manuals, guides, FAQs, API documentation) that describe the functionality, architecture, and usage of a product, system, or service",technical-documentation,methodology,https://en.wikipedia.org/wiki/Technical_documentation,
TCP,"Fundamental, connection-oriented transport layer protocol that ensures reliable, ordered, and error-checked delivery of data between applications over IP networks.",tcp,methodology,https://en.wikipedia.org/wiki/Internet_protocol_suite,
TAU,The Tuning and Analysis Utilities used for performance analysis of parallel programs.,tau,tool,https://www.cs.uoregon.edu/research/tau/home.php,
Tailwind,A utility-first CSS framework for rapidly building custom user interfaces.,tailwind,tool,https://tailwindcss.com/,
Systematic literature review,"A rigorous, transparent, and reproducible methodology used to identify, select, and critically appraise all relevant research on a specific, narrowly defined question.",systematic-literature-review,methodology,https://subjects.library.manchester.ac.uk/systematic-reviews/What,
System testing,The process of testing an integrated hardware and software system to verify it meets requirements.,system-testing,methodology,https://en.wikipedia.org/wiki/System_testing,
System on a chip (SoC),An integrated circuit that integrates all components of a computer or other electronic system.,system-on-a-chip-soc,tool,https://en.wikipedia.org/wiki/System_on_a_chip,
Synchronisation and concurrency control,Coordinating parallel tasks to ensure correct execution while minimising synchronisation overhead and contention.,synchronisation-and-concurrency-control,methodology,https://algocademy.com/blog/an-introduction-to-synchronization-algorithms-ensuring-harmony-in-concurrent-systems/,
Sylc,Open source singularity,sylc,tool,https://sylabs.io/,
SYCL,C++ programming for heterogeneous parallel computing.,sycl,tool,https://www.khronos.org/sycl/,
Swift,A general-purpose compiled programming language developed by Apple.,swift,language,https://www.swift.org/,
svn,"Apache Subversion (often abbreviated SVN, after its command name svn) is a version control system that predates Git.",svn,tool,https://subversion.apache.org/,
Svelte,A free and open-source component-based front-end software framework and language.,svelte,tool,https://svelte.dev/,
SurveyMonkey,An online survey development cloud-based software as a service company.,surveymonkey,tool,https://www.surveymonkey.com/,
Supervised learning,The machine learning task of learning a function that maps an input to an output based on example input-output pairs.,supervised-learning,methodology,https://en.wikipedia.org/wiki/Supervised_learning,
styler,An R package that formats your code according to the tidyverse style guide.,styler,tool,https://styler.r-lib.org/,
Streamlit,An open-source Python library that makes it easy to create custom web apps for machine learning.,streamlit,tool,https://streamlit.io/,
Storage performance management,"Monitoring, analysis and optimisation of storage system performance to maintain efficient data access, throughput and latency. ",storage-performance-management,methodology,https://www.brendangregg.com/systems-performance-2nd-edition-book.html,
Storage hardware,"Physical hardware used to record and store data (e.g. HDD, SSD).",storage-hardware,tool,https://en.wikipedia.org/wiki/Computer_data_storage,
Storage architecture,"Storage architecture defines how data is stored, accessed, and managed within a computing environment, with primary types including Direct-Attached Storage (DAS), Network-Attached Storage (NAS), and Storage Area Network (SAN). ",storage-architecture,methodology,https://www.xbyte.com/blog/understanding-the-three-common-storage-architecture-types/,
Static program analysis,Examining code without executing it to find errors or style issues.,static-program-analysis,methodology,https://en.wikipedia.org/wiki/Static_program_analysis,
Stata,A general-purpose statistical software package used for data science and econometrics.,stata,tool,https://www.stata.com/,
Stakeholder analysis,The process of identifying and understanding the requirements of people invested in a project.,stakeholder-analysis,methodology,https://en.wikipedia.org/wiki/Stakeholder_analysis,
SSL/TLS,"SSL (Secure Sockets Layer) and TLS (Transport Layer Security) are cryptographic protocols that secure communications over networks by encrypting data to ensure privacy, data integrity and authentication.",ssltls,methodology,https://en.wikipedia.org/wiki/Transport_Layer_Security,
SSH,Secure Shell Protocol (SSH Protocol) is a cryptographic network protocol for operating network services securely over an unsecured network - tyically used for remote login and command-line execution.,ssh,methodology,https://en.wikipedia.org/wiki/Secure_Shell,
SQLite,"A small, fast, self-contained, high-reliability, full-featured, SQL database engine.",sqlite,tool,https://sqlite.org/,
SQL Server,A relational database management system developed by Microsoft.,sql-server,tool,https://www.microsoft.com/sql-server,
SQL,Structured Query Language a standard language for managing relational databases.,sql,language,https://en.wikipedia.org/wiki/SQL,
SPSS,A software package used for interactive or batched statistical analysis.,spss,tool,https://www.ibm.com/products/spss-statistics,
Spreadsheets,"A spreadsheet is a computer application for entry, organisation, analysis and storage of data in tabular form.",spreadsheets,tool,https://en.wikipedia.org/wiki/Spreadsheet,
Sphynx,A tool that makes it easy to create intelligent and beautiful documentation for Python projects.,sphynx,tool,https://www.sphinx-doc.org/,
SPARQL,An RDF query language and data access protocol for the semantic web.,sparql,language,https://www.w3.org/TR/sparql11-query/,
Spack.io,A multi-platform package manager that builds and installs multiple versions and configurations of software.,spack-io,tool,https://spack.io/,
Sonarqube,"An open-source, static code analysis platform for continuous inspection of code quality and security.",sonarqube,tool,https://www.sonarsource.com/products/sonarqube/,
Software quality practices,Data that describes the attributes of software quality such as reliability or test coverage.,software-quality-practices,methodology,https://en.wikipedia.org/wiki/Software_quality,
Software Management Plans,Formal documents describing how software will be developed maintained and preserved.,software-management-plans,methodology,https://software.ac.uk/software-management-plans,
SOAP,An XML-based messaging protocol specification for exchanging structured information in the implementation of web services.,soap,language,https://www.w3schools.com/xml/xml_soap.asp,
Snakemake,A workflow management system that creates reproducible and scalable data analyses.,snakemake,tool,https://snakemake.github.io/,
Snakefiles,The configuration files used by the Snakemake workflow management system.,snakefiles,language,https://snakemake.readthedocs.io/,
SMTP,Simple Mail Transfer Protocol the standard for email transmission.,smtp,methodology,https://en.wikipedia.org/wiki/Simple_Mail_Transfer_Protocol,
Smalltalk,An object-oriented dynamically typed reflective programming language.,smalltalk,language,https://en.wikipedia.org/wiki/Smalltalk,
Simple Linux Utility for Resource Management (SLURM),"An open source, fault-tolerant, and highly scalable cluster management and job scheduling system for large and small Linux clusters.",simple-linux-utility-for-resource-management-slurm,tool,https://slurm.schedmd.com/,
SLURM accounting tools,Tools used to track and report resource usage within a SLURM cluster.,slurm-accounting-tools,tool,https://slurm.schedmd.com/accounting.html,
Slack,A cloud-based proprietary instant messaging platform for team communication.,slack,tool,https://slack.com/,
Singularity,A container platform designed to execute applications on HPC clusters safely.,singularity,tool,https://docs.sylabs.io/guides/main/user-guide/,
Single Instruction Multiple Data (SIMD),Vectorised execution model where one instruction operates simultaneously on multiple data elements.,single-instruction-multiple-data-simd,methodology,"https://en.wikipedia.org/wiki/Single_instruction,_multiple_data",
Simulations,The use of software like MATLAB or LabVIEW to model real-world processes or systems.,simulations,methodology,https://en.wikipedia.org/wiki/Computer_simulation,
Simplifying technical jargon,The skill of explaining complex concepts in accessible language for non-experts.,simplifying-technical-jargon,methodology,https://en.wikipedia.org/wiki/Plain_English,
SimGrid,A scientific framework to simulate the behavior of large-scale distributed systems.,simgrid,tool,https://simgrid.org/,
Signals,Asynchronous notifications sent to a process to notify it of an event or trigger specific behavior.,signals,methodology,https://en.wikipedia.org/wiki/Signal_(IPC),
Shiny,An R package that makes it easy to build interactive web apps directly from R.,shiny,tool,https://shiny.posit.co/,
Shell scripting,The process of writing programs for the Unix/Linux shells to automate tasks.,shell-scripting,methodology,https://en.wikipedia.org/wiki/Scripting_language,
Shared Memory Programming,Programming model where multiple threads operate on shared memory space and coordinate through synchronisation mechanisms.,shared-memory-programming,methodology,https://vinayak2002590.medium.com/shared-memory-programming-a-concept-to-understand-the-complexity-of-multithreading-493b4b41c3f4,
Setting agenda,The act of defining the topics to be discussed in a formal meeting.,setting-agenda,methodology,https://en.wikipedia.org/wiki/Agenda_(meeting),
Server Message Block (SMB) ,"Server Message Block (SMB) is a communication protocol used to share files, printers and serial ports between nodes on a network.",server-message-block-smb,tool,https://en.wikipedia.org/wiki/Server_Message_Block,
Sensors,Devices that detect and respond to some type of input from the physical environment.,sensors,methodology,https://en.wikipedia.org/wiki/Sensor,
Semi-supervised learning,An approach to machine learning that combines a small amount of labeled data with a large amount of unlabeled data.,semi-supervised-learning,methodology,https://en.wikipedia.org/wiki/Semi-supervised_learning,
Semaphores,Variables or abstract data types used to coordinate access to shared resources in multitasking environments.,semaphores,methodology,https://en.wikipedia.org/wiki/Semaphore_(programming),
Self-supervised learning,A form of machine learning where the data provides the supervision by leveraging its internal structure.,self-supervised-learning,methodology,https://en.wikipedia.org/wiki/Self-supervised_learning,
Selenium,An open source umbrella project for a range of tools and libraries aimed at supporting browser automation.,selenium,tool,https://www.selenium.dev/,
Seaborn,A Python data visualization library based on matplotlib that provides a high-level interface for statistical graphics.,seaborn,tool,https://seaborn.pydata.org/,
Scrum,An agile team collaboration framework commonly used in software development and other industries.,scrum,methodology,https://en.wikipedia.org/wiki/Scrum_(project_management),
Scikit-learn,A free software machine learning library for the Python programming language.,scikit-learn,tool,https://scikit-learn.org/,
Schema.org,"A collaborative, community activity with a mission to create, maintain, and promote schemas for structured data on the Internet.",schema-org,language,https://schema.org/,
Scalasca,A software tool that supports the performance optimisation of parallel programs by measuring and analyzing their runtime behaviour.,scalasca,tool,https://www.scalasca.org/,
Scalability analysis,Evaluating how application performance changes as the number of processors or nodes increases.,scalability-analysis,methodology,https://hpc-wiki.info/hpc/Scaling,
SCALA,A strong statically typed high-level programming language that scales from small scripts to large systems.,scala,language,https://www.scala-lang.org/,
Satellite hardware,The domain involving the development and operation of orbital hardware and data processing.,satellite-hardware,methodology,https://en.wikipedia.org/wiki/Satellite,
Sass,A preprocessor scripting language that is interpreted or compiled into Cascading Style Sheets (CSS).,sass,language,https://sass-lang.com/,
SAS,A statistical software suite developed by SAS Institute for data management and analytics.,sas,tool,https://www.sas.com/,
Rust,A multi-paradigm programming language focused on performance and safety especially safe concurrency.,rust,language,https://www.rust-lang.org/,
Ruff,An extremely fast Python linter and code formatter.,ruff,tool,https://docs.astral.sh/ruff/,
Ruby on Rails,A server-side web application framework written in Ruby.,ruby-on-rails,tool,https://rubyonrails.org/,
Ruby,A dynamic open source programming language with a focus on simplicity and productivity.,ruby,language,https://www.ruby-lang.org/,
RStudio,An integrated development environment for R now known as Positron/Posit.,rstudio,tool,https://posit.co/,
Routing and traffic engineering,"The methods used to determine and control how data is routed and distributed across a network to ensure efficient, reliable, and balanced communication.",routing-and-traffic-engineering,methodology,https://en.wikipedia.org/wiki/Traffic_engineering_(telecommunications),
Routing algorithms,The logic that determines the path of data packets across a network.,routing-algorithms,methodology,https://en.wikipedia.org/wiki/Routing,
Robotics,An interdisciplinary branch of computer science and engineering that involves the design of robots.,robotics,methodology,https://en.wikipedia.org/wiki/Robotics,
Risk matrix,Risk assessment to define the level of risk by considering the category of probability.,risk-matrix,methodology,https://en.wikipedia.org/wiki/Risk_matrix,
REST,Representational State Transfer an architectural style for providing standards between computer systems.,rest,methodology,https://en.wikipedia.org/wiki/REST,
Remora,A tool for monitoring resource utilisation of HPC jobs.,remora,tool,https://github.com/TACC/remora,
Reinforcement learning,An area of machine learning concerned with how intelligent agents ought to take actions in an environment.,reinforcement-learning,methodology,https://en.wikipedia.org/wiki/Reinforcement_learning,
Regular expressions,A sequence of characters that specifies a search pattern in text.,regular-expressions,methodology,https://en.wikipedia.org/wiki/Regular_expression,
Regression,A set of statistical processes for estimating the relationships between a dependent variable and independent variables.,regression,methodology,https://en.wikipedia.org/wiki/Regression_analysis,
Preregistration,The process of formally documenting a research study or clinical trial before it begins.,preregistration,methodology,https://en.wikipedia.org/wiki/Preregistration_(science),
ReFrame,A framework for writing regression tests for HPC systems.,reframe,tool,https://reframe-hpc.readthedocs.io/,
Reference management,"A process of collecting, storing, organising, annotating bibliograpgic references that can be shared and used for citing work.",reference-management,methodology,https://en.wikipedia.org/wiki/Reference_management_software,
Redis,An in-memory data structure store used as a distributed cache and message broker.,redis,tool,https://redis.io/,
RedHat Cluster Suite,A set of software components that allow a group of computers to work together as a cluster.,redhat-cluster-suite,tool,https://www.redhat.com/,
Recording clear actions,Documenting specific outcomes and responsibilities during meetings.,recording-clear-actions,methodology,https://en.wikipedia.org/wiki/Minutes,
Recognising stereotypes,The pre-reflective attribution of particular qualities by an individual to a member of some social out group.,recognising-stereotypes,methodology,https://en.wikipedia.org/wiki/Implicit_stereotype,
README,A text file containing information about the other files in a directory or software package.,readme,methodology,https://en.wikipedia.org/wiki/README,
Read the Docs,An open-source free software documentation hosting platform.,read-the-docs,tool,https://readthedocs.org/,
React Native,A framework for building native applications using React.,react-native,tool,https://reactnative.dev/,
React,A JavaScript library for building user interfaces maintained by Meta.,react,tool,https://react.dev/,
RDF,The Resource Description Framework a standard for model data interchange on the web.,rdf,methodology,https://www.w3.org/RDF/,
Rayyan,"AI-powered systematic review management platform
",rayyan,tool,https://www.rayyan.ai/,
Ray,An open-source unified framework for scaling AI and Python applications.,ray,tool,https://www.ray.io/,
Raspberry Pi,A series of small single-board computers developed to promote teaching of basic computer science.,raspberry-pi,tool,https://www.raspberrypi.org/,
Radars,Object-detection systems that use radio waves to determine the range and velocity of objects.,radars,tool,https://en.wikipedia.org/wiki/Radar,
R Markdown,A file format for making dynamic documents with R.,r-markdown,tool,https://rmarkdown.rstudio.com/,
R,A programming language and free software environment for statistical computing and graphics.,r,language,https://www.r-project.org/,
Querying an API,The act of requesting data from or sending data to a remote application interface.,querying-an-api,methodology,https://en.wikipedia.org/wiki/API,
Quarto,An open-source scientific and technical publishing system built on Pandoc.,quarto,tool,https://quarto.org/,
Quantitative methods,Research methods focused on numerical data (quantitative).,quantitative-methods,methodology,https://en.wikipedia.org/wiki/Quantitative_research,
Qualtrics,An experience management platform used for complex survey research and data analysis.,qualtrics,tool,https://www.qualtrics.com/,
Qualitative methods,Research methods focused on non-numerical data (qualitative).,qualitative-methods,methodology,https://en.wikipedia.org/wiki/Qualitative_research,
Qt,A cross-platform software framework for creating graphical user interfaces and various applications.,qt,tool,https://www.qt.io/,
PyUnit,The standard unit testing framework for Python also known as unittest.,pyunit,tool,https://docs.python.org/3/library/unittest.html,
PyTorch GAN,A Generative Adversarial Network (GAN) built using PyTorch to perform generative machine learning such as human faces.,pytorch-gan,tool,https://github.com/eriklindernoren/Pytorch-GAN,
PyTorch,An open-source machine learning framework based on the Torch library.,pytorch,tool,https://pytorch.org/,
Python,A high-level interpreted general-purpose programming language.,python,language,https://www.python.org/,
Pytest,A framework that makes it easy to write small readable tests for Python code.,pytest,tool,https://docs.pytest.org/,
PySide,The official Python module from the Qt project providing access to the complete Qt framework.,pyside,tool,https://www.qt.io/qt-for-python,
PyQt,A set of Python bindings for the Qt application framework developed by Riverbank Computing.,pyqt,tool,https://www.riverbankcomputing.com/software/pyqt/,
PyPI,The Python Package Index a repository of software for the Python programming language.,pypi,tool,https://pypi.org/,
Pulumi,An infrastructure as code tool that allows using familiar programming languages to manage cloud resources.,pulumi,tool,https://www.pulumi.com/,
Pull requests,A human-centric process for proposing changes to a repository and discussing them before integration.,pull-requests,methodology,https://docs.github.com/en/pull-requests/collaborating-with-pull-requests/proposing-changes-to-your-work-with-pull-requests/about-pull-requests,
Public key certificates,"Public key certificates (or digital certificates) are electronic documents that bind a public key to an entity (user, device, or organization) to prove their identity in cryptographic transactions",public-key-certificates,methodology,https://en.wikipedia.org/wiki/Public_key_certificate,
Prompt engineering,The process of optimising text input to guide large language models toward desired outputs.,prompt-engineering,methodology,https://en.wikipedia.org/wiki/Prompt_engineering,
Prometheus,An open-source systems monitoring and alerting toolkit originally built at SoundCloud.,prometheus,tool,https://prometheus.io/,
PROLOG,A logic programming language associated with artificial intelligence and computational linguistics.,prolog,language,https://en.wikipedia.org/wiki/Prolog,
Procedural programming,A programming paradigm derived from structured programming based on the concept of the procedure call.,procedural-programming,methodology,https://en.wikipedia.org/wiki/Procedural_programming,
PRINCE2,"A globally recognised structured project management method offering clear, easy to follow guidance for managing projects effectively to ensure project success.",prince2,methodology,https://www.prince2.com/uk,
Presentations,"A demonstration, lecture or speach, typically prepared and delivered with slides or other visual aids.",presentations,methodology,https://en.wikipedia.org/wiki/Presentation,
Postman,An API platform for developers to design build test and iterate their APIs.,postman,tool,https://www.postman.com/,
PostgreSQL,A free and open-source relational database management system emphasising extensibility and SQL compliance.,postgresql,tool,https://www.postgresql.org/,
Post-processing,Analysing and visualising outputs from large-scale (domain-specific) simulations or computations directly on high-performance infrastructure. ,post-processing,methodology,https://link.springer.com/book/10.1007/978-3-030-33495-6,
POSIX threads,A POSIX standard for threads commonly known as Pthreads.,posix-threads,methodology,https://en.wikipedia.org/wiki/Pthreads,
POSIX file permissions,The standard for defining access rights to files and directories in Unix-like systems.,posix-file-permissions,methodology,https://en.wikipedia.org/wiki/File-system_permissions,
Portable Batch System (PBS),A computer software that performs job scheduling in high-performance computing.,portable-batch-system-pbs,tool,https://en.wikipedia.org/wiki/Portable_Batch_System,
POP3,An internet standard protocol used by local e-mail clients to retrieve e-mail from a remote server over a TCP/IP connection.,pop3,methodology,https://en.wikipedia.org/wiki/Post_Office_Protocol,
Pomodoro,"A time management technique to break work into intervals, typically 25 minutes in length, separated by short breaks.",pomodoro,methodology,https://en.wikipedia.org/wiki/Pomodoro_Technique,
Podman,An open-source daemonless container engine for developing managing and running OCI Containers.,podman,tool,https://podman.io/,
Podcasts,"An episodic series of audio recordings on a given topic, typically a discussion led by a regular host.",podcasts,methodology,https://en.wikipedia.org/wiki/Podcast,
PHP,A general-purpose scripting language geared towards web development.,php,language,https://www.php.net/,
pf,A BSD licensed stateful packet filter.,pf,tool,https://www.openbsd.org/faq/pf/,
Persistent identifiers (PID),Long-lasting references to a digital resource.,persistent-identifiers-pid,methodology,https://en.wikipedia.org/wiki/Persistent_identifier,
Pascal,An imperative and procedural programming language intended to encourage good programming practices.,pascal,language,https://en.wikipedia.org/wiki/Pascal_(programming_language),
Parsl,A flexible and scalable parallel programming library for Python.,parsl,tool,https://parsl-project.org/,
Paraver,A package devoted to generate Paraver trace-files for a post-mortem analysis of parallel applications.,paraver,tool,https://tools.bsc.es/paraver,
Parallel File Systems,"A high-performance, scalable storage architecture that allows multiple clients or compute nodes to access the same files simultaneously.",parallel-file-systems,methodology,https://www.datacore.com/glossary/parallel-file-systems/,
Parallel (data and task) decomposition,Breaking a computational problem into smaller tasks that can be executed concurrently across multiple processors or threads.,parallel-data-and-task-decomposition,methodology,https://en.wikipedia.org/wiki/Task_parallelism,
Paper Digest,AI journal article summariser,paper-digest,tool,https://www.paperdigest.org/,
Pandas,A fast flexible and expressive data structure library designed for relational and labeled data in Python.,pandas,tool,https://pandas.pydata.org/,
Pair programming,An agile software development technique in which two programmers work together at one workstation.,pair-programming,methodology,https://en.wikipedia.org/wiki/Pair_programming,
Packer,An open-source tool for creating identical machine images for multiple platforms from a single source configuration.,packer,tool,https://www.packer.io/,
Overleaf,An online collaborative LaTeX editor used for writing and publishing scientific documents.,overleaf,tool,https://www.overleaf.com/,
Oracle VirtualBox,A free and open-source hosted hypervisor for x86 virtualisation.,oracle-virtualbox,tool,https://www.virtualbox.org/,
Oracle Grid Engine,"Oracle Grid Engine, previously known as Sun Grid Engine (SGE), is a grid computing computer cluster software system (otherwise known as a batch-queuing system)",oracle-grid-engine,tool,https://en.wikipedia.org/wiki/Oracle_Grid_Engine,
Oracle,A multi-model database management system produced and marketed by Oracle Corporation.,oracle,tool,https://www.oracle.com/database/,
Optical Character Recognition (OCR),Software used to convert different types of documents into editable and searchable data.,optical-character-recognition-ocr,methodology,https://en.wikipedia.org/wiki/Optical_character_recognition,
Operating systems,System software that manages computer hardware and software resources and provides common services.,operating-systems,tool,https://en.wikipedia.org/wiki/Operating_system,
OpenRefine,A powerful tool for working with messy data: cleaning it; transforming it from one format into another.,openrefine,tool,https://openrefine.org/,
OpenMP,An application programming interface that supports multi-platform shared-memory multiprocessing programming.,openmp,methodology,https://www.openmp.org/,
OPeNDAP,A data architectural framework and network protocol for structured data systems.,opendap,methodology,https://www.opendap.org/,
OpenAI,An artificial intelligence research laboratory and the platform behind models like GPT.,openai,tool,https://openai.com/,
OpenACC,A programming standard for parallel computing developed by Cray NVIDIA and others.,openacc,methodology,https://www.openacc.org/,
Open source principles,A set of principles derived from open source software development models and applied more broadly to additional industries and domains.,open-source-principles,methodology,https://opensource.com/open-source-way,
Open formats,Published specifications for storing digital data which can be used and implemented by anyone.,open-formats,methodology,https://en.wikipedia.org/wiki/Open_format,
Onboarding new members,The process of helping new employees or collaborators adapt to their new roles.,onboarding-new-members,methodology,https://en.wikipedia.org/wiki/Onboarding,
OBS,A free and open-source cross-platform streaming and recording program.,obs,tool,https://obsproject.com/,
Object-Oriented Programming (OOP),"A programming paradigm based on the concept of ""objects"" which can contain data and code.",object-oriented-programming-oop,methodology,https://en.wikipedia.org/wiki/Object-oriented_programming,
NVivo,A qualitative data analysis software package.,nvivo,tool,https://www.qsrinternational.com/nvivo-qualitative-data-analysis-software/home,
NVIDIA Nsight,A suite of developer tools for debugging and profiling GPU-accelerated applications.,nvidia-nsight,tool,https://developer.nvidia.com/nsight-visual-studio-edition,
NVIDIA HPC SDK,A comprehensive suite of compilers and libraries for GPU-accelerated computing.,nvidia-hpc-sdk,tool,https://developer.nvidia.com/hpc-sdk,
Nuxt,An open-source framework under MIT license that makes web development intuitive and powerful.,nuxt,tool,https://nuxt.com/,
NumPy,"Python package for scientific computing.
",numpy,tool,https://numpy.org/,
NoSQL,A mechanism for storage and retrieval of data that is modeled in means other than tabular relations.,nosql,methodology,https://en.wikipedia.org/wiki/NoSQL,
Normalisation,The process of adjusting values measured on different scales to a notionally common scale.,normalisation,methodology,https://en.wikipedia.org/wiki/Normalization_(statistics),
Node.js,"A free, open-source, cross-platform JavaScript runtime environment that lets developers create servers, web apps, command line tools and scripts.",node-js,tool,https://nodejs.org/en,
Node,An open-source cross-platform JavaScript runtime environment.,node,tool,https://nodejs.org/,
nginx,"An HTTP web server, reverse proxy, content cache, load balancer, TCP/UDP proxy server, and mail proxy server.",nginx,tool,https://nginx.org/,
nftables,"Modern Linux kernel packet filtering framework, replacing older tools like iptables, offering a unified syntax for IPv4/IPv6, better performance, and a more flexible rule structure using tables, chains, and rules processed by an in-kernel virtual machine.",nftables,tool,https://www.netfilter.org/projects/nftables/index.html,
NFS,A distributed file system protocol allowing a user on a client computer to access files over a network.,nfs,methodology,https://en.wikipedia.org/wiki/Network_File_System,
Nextflow DSL,The domain-specific language used within the Nextflow framework.,nextflow-dsl,language,https://www.nextflow.io/docs/latest/dsl2.html,
Nextflow,A workflow system for writing and executing data-intensive pipelines.,nextflow,tool,https://www.nextflow.io/,
Next,A React framework for building full-stack web applications.,next,tool,https://nextjs.org/,
Neural Networks and Deep Learning,A subfield of machine learning inspired by the structure and function of the human brain.,neural-networks-and-deep-learning,methodology,https://en.wikipedia.org/wiki/Neural_network,
Network topology design,"The design and organisation of network structures that define how nodes are interconnected to optimise scalability, performance, and communication efficiency.",network-topology-design,methodology,https://en.wikipedia.org/wiki/Network_topology,
Network resilience and fault tolerance,"The design of networks to maintain operation and recover from failures through redundancy, failover mechanisms, and robust system design.",network-resilience-and-fault-tolerance,methodology,https://en.wikipedia.org/wiki/Fault_tolerance,
Network performance analysis,"The measurement and evaluation of key network performance characteristics to assess and optimise data transfer capacity, delay, and overall efficiency.",network-performance-analysis,methodology,https://en.wikipedia.org/wiki/Network_performance,
Network architecture,The design of a computer network including physical and logical layouts.,network-architecture,methodology,https://en.wikipedia.org/wiki/Network_architecture,
Netlify,A platform for automating modern web projects with serverless functions and deployment.,netlify,tool,https://www.netlify.com/,
NetBox,An infrastructure resource modeling tool designed to help manage and document computer networks.,netbox,tool,https://netbox.dev/,
Nest,A progressive Node.js framework for building efficient reliable and scalable server-side applications.,nest,tool,https://nestjs.com/,
Natural Language Processing (NLP),A subfield of AI concerned with the interactions between computers and human languages.,natural-language-processing-nlp,methodology,https://en.wikipedia.org/wiki/Natural_language_processing,
Nagios,An open-source computer-software application that monitors systems networks and infrastructure.,nagios,tool,https://www.nagios.org/,
N-tier architecture,A logical and physical architecture that divides an application into layers such as presentation logic and data.,n-tier-architecture,methodology,https://en.wikipedia.org/wiki/Multitier_architecture,
MySQL,An open-source relational database management system.,mysql,tool,https://www.mysql.com/,
Multi-threading,The ability of a central processing unit to provide multiple threads of execution concurrently.,multi-threading,methodology,https://en.wikipedia.org/wiki/Multithreading_(computer_architecture),
Multi-processing,The use of two or more central processing units within a single computer system.,multi-processing,methodology,https://en.wikipedia.org/wiki/Multiprocessing,
MongoDB,A source-available cross-platform document-oriented database program.,mongodb,tool,https://www.mongodb.com/,
Model-View-Controller (MVC),A software design pattern commonly used for developing user interfaces.,model-view-controller-mvc,methodology,https://en.wikipedia.org/wiki/Model–view–controller,
Model Evaluation and Validation,Methods for assessing how well a machine learning model performs on unseen data.,model-evaluation-and-validation,methodology,https://en.wikipedia.org/wiki/Model_selection,
Mockito,A mocking framework for Java applications that allows the creation of test double objects.,mockito,tool,https://site.mockito.org/,
Mocha,A feature-rich JavaScript test framework running on Node.js and in the browser.,mocha,tool,https://mochajs.org/,
MLflow,An open-source platform to manage the ML lifecycle including experimentation and deployment.,mlflow,tool,https://mlflow.org/,
MkDocs,A static site generator that's geared towards building project documentation.,mkdocs,tool,https://www.mkdocs.org/,
Microsoft Windows,A proprietary graphical operating system developed and marketed by Microsoft.,microsoft-windows,tool,https://www.microsoft.com/en-gb/windows,
Microsoft Teams,A team collaboration platform developed by Microsoft as part of the Microsoft 365 suite.,microsoft-teams,tool,https://www.microsoft.com/en-us/microsoft-teams/group-chat-software,
Microsoft SharePoint,"A web-based collaborative platform primarily used for building corporate intranets, document and content management, and file sharing.",microsoft-sharepoint,tool,https://www.microsoft.com/microsoft-365/sharepoint/collaboration,
Microsoft PowerPoint ,Presentation software by Microsoft Corporation.,microsoft-powerpoint,tool,https://www.microsoft.com/en-gb/microsoft-365/powerpoint,
Microsoft Hyper-V,A native hypervisor that can create virtual machines on x86-64 systems running Windows.,microsoft-hyper-v,tool,https://learn.microsoft.com/en-us/virtualization/hyper-v-on-windows/,
Microsoft Defender,A host-based firewall component of Microsoft Windows.,microsoft-defender,tool,https://learn.microsoft.com/en-us/windows/security/threat-protection/windows-firewall/windows-firewall-with-advanced-security,
Microsoft Copilot,A generative artificial intelligence chatbot developed by Microsoft AI.,microsoft-copilot,tool,https://copilot.cloud.microsoft/,
Microservices,An architectural style where an application is developed as a collection of small independent services.,microservices,methodology,https://cloud.google.com/learn/what-is-microservices-architecture,
Message Passing Parallelism (MPP),Programming model where parallel processes communicate by explicitly sending and receiving messages.,message-passing-parallelism-mpp,methodology,https://www.matillion.com/blog/what-is-massively-parallel-processing,
Message Passing Interface (MPI),A standardised and portable message-passing standard designed to function on parallel computing architectures.,message-passing-interface-mpi,methodology,https://www.mpi-forum.org/,
Mercurial,A free distributed source control management tool.,mercurial,tool,https://www.mercurial-scm.org/,
Mendeley,A company based in London which provides products and services for academic researchers including a reference manager.,mendeley,tool,https://www.mendeley.com/,
Memory hierarchy and data locality optimisation,Designing data structures and access patterns to minimise memory latency and maximise use of caches and local memory.,memory-hierarchy-and-data-locality-optimisation,methodology,https://www.researchgate.net/publication/389044560_Memory_Hierarchy_Optimization_Strategies_for_High-_Performance_Computing_Architectures,
Memory hierarchies,The organisation of computer storage into levels based on response time.,memory-hierarchies,methodology,https://en.wikipedia.org/wiki/Memory_hierarchy,
Meeting rules,Setting rules for effective meetings.,meeting-rules,methodology,https://third-bit.com/py-rse/teams.html#teams-meetings,
Medical devices,Instruments or software used for medical purposes as regulated by healthcare authorities.,medical-devices,tool,https://www.who.int/health-topics/medical-devices,
Mattermost,"An open core, self-hosted collaboration platform that offers chat, workflow automation, voice calling, screen sharing, and AI integration.",mattermost,tool,https://mattermost.com/,
Matplotlib,A comprehensive Python library for creating static animated and interactive visualizations.,matplotlib,tool,https://matplotlib.org/,
MATLAB,A proprietary multi-paradigm programming language and numeric computing environment.,matlab,language,https://www.mathworks.com/products/matlab.html,
Mathematica,"A system for technical computing, combining symbolic, numerical, and graphical computation with a vast knowledge base.",mathematica,tool,https://www.wolfram.com/mathematica/,
Mastodon,A free open-source self-hosted social networking service.,mastodon,tool,https://joinmastodon.org/,
Martha's rules,A process for discussing and deciding on issues in group meetings,marthas-rules,tool,https://third-bit.com/py-rse/teams.html#teams-martha,
Markdown,A lightweight markup language for creating formatted text using a plain-text editor.,markdown,language,https://en.wikipedia.org/wiki/Markdown,
Makefiles,Files containing a set of directives used by a make build automation tool to generate targets.,makefiles,tool,https://www.gnu.org/software/make/manual/make.html,
macOS,"A proprietary Unix-based operating system, derived from OPENSTEP for Mach and FreeBSD, the current operating system for Apple's Mac computers.",macos,tool,https://www.apple.com/uk/os/macos/,
Machine Learning Frameworks,Libraries or tools that provide a standardised way to build and train machine learning models.,machine-learning-frameworks,tool,https://en.wikipedia.org/wiki/Outline_of_machine_learning,
Lustre,A type of parallel distributed file system generally used for large-scale cluster computing.,lustre,tool,https://www.lustre.org/,
Logic programming,A programming paradigm which is largely based on formal logic.,logic-programming,methodology,https://en.wikipedia.org/wiki/Logic_programming,
Locks,Synchronisation primitives that enforce mutual exclusion by allowing only one thread to access a critical section.,locks,methodology,https://en.wikipedia.org/wiki/Lock_(computer_science),
Load Sharing Facility (LSF),A workload management and job scheduling software for distributed computing environments.,load-sharing-facility-lsf,tool,https://www.ibm.com/products/hpc-workload-management,
Load balancing,Distributing work evenly across processors or nodes to maximise resource utilisation and minimise idle time. Workload distribution is usually decided in the algorithm design but can appear in HPC runtime tuning.,load-balancing,methodology,https://en.wikipedia.org/wiki/Load_balancing_(computing),
Lmod,A Lua-based environment modules system that easily handles the MODULEPATH environment variable.,lmod,tool,https://lmod.readthedocs.io/,
LISP,A family of programming languages with a long history and a distinctive fully parenthesised prefix notation.,lisp,language,https://en.wikipedia.org/wiki/Lisp_(programming_language),
Linux,An open-source Unix-like operating system kernel and family of distributions based on it.,linux,tool,https://www.linux.org/,
lintr,The canonical way to configure R projects and packages for linting.,lintr,tool,https://lintr.r-lib.org/,
Linters,Tools that check source code against a set of style guidelines.,linters,tool,https://en.wikipedia.org/wiki/Linter_(software),
LinkedIn,A business and employment-oriented online service for professional networking.,linkedin,tool,https://www.linkedin.com/,
LightGBM,A free and open source distributed gradient boosting framework for machine learning.,lightgbm,tool,https://lightgbm.readthedocs.io/,
Licensing,"Granting a license to authorise others to use, copy or sell someone's intellectual property (IP) such as software or patented inventions.",licensing,methodology,https://en.wikipedia.org/wiki/License,
Libraries,Collections of non-volatile resources used by computer programs for software development (e.g. MPI OpenMP BLAS).,libraries,tool,https://en.wikipedia.org/wiki/Library_(computing),
Lex,A tool that generates lexical analysers (converts the stream of characters into tokens).,lex,tool,https://en.wikipedia.org/wiki/Lex_(software),
LaTeX,A software system for document preparation and high-quality typesetting.,latex,tool,https://www.latex-project.org/,
Large Language Models (LLM),A type of artificial intelligence algorithm that uses deep learning and large datasets to understand and generate new content.,large-language-models-llm,methodology,https://en.wikipedia.org/wiki/Large_language_model,
LAPACK,A high-performance standard library for numerical linear algebra including routines for linear equations.,lapack,tool,https://www.netlib.org/lapack/,
LangChain,A framework designed to simplify the creation of applications using large language models.,langchain,tool,https://www.langchain.com/,
LabVIEW,A system-design platform and development environment for a visual programming language from National Instruments.,labview,tool,https://www.ni.com/en-us/shop/labview.html,
Kubernetes,An open-source container-orchestration system for automating software deployment scaling and management.,kubernetes,tool,https://kubernetes.io/,
Kro,A tool used for creating and managing data visualisations and diagrams.,kro,tool,https://github.com/kro-org/kro,
KNIME,An open-source data analytics reporting and integration platform.,knime,tool,https://www.knime.com/,
Keras,An open-source software library that provides a Python interface for artificial neural networks.,keras,tool,https://keras.io/,
Karma,A test runner for JavaScript that allows you to execute code in multiple real browsers.,karma,tool,https://karma-runner.github.io/,
Jupyter Notebooks,An interactive web application for creating and sharing documents containing live code and text.,jupyter-notebooks,tool,https://jupyter.org/,
Junit,A unit testing framework for the Java programming language.,junit,tool,https://junit.org/,
Julia,"A high-level, high-performance dynamic language for technical computing.",julia,language,https://julialang.org/,
JSON,JavaScript Object Notation a lightweight data-interchange format.,json,methodology,https://www.json.org/json-en.html,
JSLint,A static code analysis tool used in software development for checking JavaScript source code.,jslint,tool,https://www.jslint.com/,
JSDoc,A markup language used to annotate and document JavaScript code. ,jsdoc,tool,https://jsdoc.app/,
jQuery,"A JavaScript library designed to simplify HTML DOM tree traversal and manipulation, as well as event handling, CSS animations, and Ajax.",jquery,tool,https://jquery.com/,
JProfiler,"A commercially licensed Java profiling tool developed by ej-technologies GmbH, targeted at Java EE and Java SE applications.",jprofiler,tool,https://www.ej-technologies.com/jprofiler,
Job scheduling,Controlling unattended background program execution of jobs (commonly called batch scheduling).,job-scheduling,methodology,https://en.wikipedia.org/wiki/Job_scheduler,
Jest,A delightful JavaScript Testing Framework with a focus on simplicity.,jest,tool,https://jestjs.io/,
Jenkins,An open source automation server. ,jenkins,tool,https://www.jenkins.io/,
Jekyll,"A static website generator written in Ruby and popular on GitHub, using the Liquid template engine.",jekyll,tool,https://jekyllrb.com/,
JavaScript,A programming language that is one of the core technologies of the World Wide Web.,javascript,language,https://developer.mozilla.org/en-US/docs/Web/JavaScript,
Javadoc,A documentation generator for the Java language for generating API documentation in HTML format.,javadoc,tool,https://www.oracle.com/technical-resources/articles/java/javadoc-tool.html,
Java,A high-level class-based object-oriented programming language.,java,language,https://www.java.com/,
Jasmine,A behavior-driven development framework for testing JavaScript code.,jasmine,tool,https://jasmine.github.io/,
janitor,An R package of simple functions for examining and cleaning dirty data.,janitor,tool,http://rdocumentation.org/packages/janitor/,
ISAD(G),The General International Standard Archival Description.,isadg,methodology,https://www.ica.org/en/isadg-general-international-standard-archival-description-second-edition,
iptables,"Firewall utility for Linux, used to configure the kernel's Netfilter framework to filter, modify, and route network traffic (IPv4)",iptables,tool,https://en.wikipedia.org/wiki/Iptables,
IPSec,"IPsec (Internet Protocol Security) is a suite of network layer protocols that secure internet communication by authenticating and encrypting IP packets, ensuring data confidentiality, integrity and authenticity.",ipsec,methodology,https://en.wikipedia.org/wiki/IPsec,
Internet Protocol (IP),"Internet Protocol (IP) is a fundamental network-layer protocol responsible for addressing, routing, and delivering data packets across network boundaries, essentially enabling the internet",internet-protocol-ip,methodology,https://en.wikipedia.org/wiki/Internet_Protocol,
Internet of Things (IoT),A network of physical objects embedded with sensors and software for data exchange.,internet-of-things-iot,methodology,https://en.wikipedia.org/wiki/Internet_of_things,
Interconnected computing nodes,The physical or logical connection of multiple servers to act as a single system.,interconnected-computing-nodes,methodology,https://en.wikipedia.org/wiki/Node_(networking),
Intellectual property (IP),A category of property that includes intangible creations of the human intellect.,intellectual-property-ip,methodology,https://en.wikipedia.org/wiki/Intellectual_property,
Intel VTune,A performance analysis tool for finding serial and parallel code bottlenecks.,intel-vtune,tool,https://www.intel.com/content/www/us/en/developer/tools/oneapi/vtune-profiler.html,
Intel Advisor,A design and analysis tool for vectorisation threading and memory usage.,intel-advisor,tool,https://www.intel.com/content/www/us/en/developer/tools/oneapi/advisor.html,
Integration testing,A level of software testing where individual units are combined and tested as a group.,integration-testing,methodology,https://en.wikipedia.org/wiki/Integration_testing,
InfiniBand,A technology designed for low-latency and high-bandwidth data transfer.,infiniband,tool,https://en.wikipedia.org/wiki/InfiniBand,
Immutable operating systems,Operating systems where the root filesystem is read-only to ensure stability and security.,immutable-operating-systems,methodology,https://en.wikipedia.org/wiki/System_image,
IMAP,An internet standard protocol used by email clients to retrieve email messages from a mail server.,imap,methodology,https://en.wikipedia.org/wiki/Internet_Message_Access_Protocol,
Identifying target audience,The process of determining who a project or piece of communication is intended for.,identifying-target-audience,methodology,https://en.wikipedia.org/wiki/Target_audience,
IDE,Integrated Development Environments like Jupyter Notebooks RStudio or VS Code.,ide,tool,https://en.wikipedia.org/wiki/Integrated_development_environment,
Hugging Face Transformers,A library providing state-of-the-art machine learning models for natural language processing.,hugging-face-transformers,tool,https://huggingface.co/docs/transformers/index,
HTTP(S),"Hypertext Transfer Protocol Secure (HTTP) is a protocol used for transmitting web pages over the Internet. HTTPS (Hypertext Transfer Protocol Secure) is the secure, encrypted version of HTTP, utilising SSL/TLS certificates to protect data integrity and user privacy between a browser and a server. ",https,methodology,https://en.wikipedia.org/wiki/HTTPS,
HTML,The standard markup language for documents designed to be displayed in a web browser.,html,language,https://en.wikipedia.org/wiki/HTML,
HTCondor,A specialised workload management system for compute-intensive jobs.,htcondor,tool,https://htcondor.org/,
HPCtoolkit,A suite of tools for measuring and analysing the performance of HPC applications.,hpctoolkit,tool,https://hpctoolkit.org/,
HPC tools,Software used to manage and build high-performance computing environments (e.g. Spack CMake).,hpc-tools,tool,https://spack.io/,
HPC Tiers,A hierarchical classification of high-performance computing centers (Tier-0 to Tier-3) based on scale and mission.,hpc-tiers,methodology,https://en.wikipedia.org/wiki/Supercomputing_in_Europe,
HPC hardware,The physical infrastructure required for supercomputing including nodes and interconnects.,hpc-hardware,tool,https://en.wikipedia.org/wiki/Supercomputer,
HIP,A C++ runtime API and kernel language that allows developers to create portable GPU applications for AMD and NVIDIA hardware.,hip,language,https://rocm.docs.amd.com/projects/HIP/en/latest/,
Helm,"A package manager for Kubernetes that uses 'charts' as its package format, based on YAML.",helm,tool,https://helm.sh/,
HedgeDoc,An open-source collaborative real-time markdown editor.,hedgedoc,tool,https://hedgedoc.org/,
Hadoop,A framework that allows for the distributed processing of large data sets across clusters of computers.,hadoop,tool,https://hadoop.apache.org/,
Guiding discussions,The act of facilitating group conversation to reach a specific outcome or consensus.,guiding-discussions,methodology,https://en.wikipedia.org/wiki/Facilitation_(business),
GraphQL,A query language for APIs and a runtime for fulfilling those queries with existing data.,graphql,language,https://graphql.org/,
Graphical User Interfaces,The visual representation of a program's functionality.,graphical-user-interfaces,methodology,https://en.wikipedia.org/wiki/Graphical_user_interface,
Grafana,"Tool to query, visualise, alert on, and explore metrics, logs, and traces.",grafana,tool,https://grafana.com/,
Gradio,An open-source Python library used to build machine learning and data science demos.,gradio,tool,https://gradio.app/,
GPUs,Graphics Processing Units used for rendering and accelerated parallel computing.,gpus,tool,https://en.wikipedia.org/wiki/Graphics_processing_unit,
GPFS,The General Parallel File System (now IBM Storage Scale) for high-performance data access.,gpfs,tool,https://www.ibm.com/products/storage-scale,
Google Slides,An online presentation app that lets you create and format presentations and collaborate on creating presentations with other people.,google-slides,tool,https://docs.google.com/presentation,
Google Sheets,A web-based spreadsheet application included as part of the Google Docs Editors suite.,google-sheets,tool,https://www.google.com/sheets/about/,
Google Scholar,A freely accessible web search engine that indexes the full text or metadata of scholarly literature across an array of publishing formats and disciplines.,google-scholar,tool,https://scholar.google.com/,
Google Gemini,"Google's AI assistant, a family of multimodal generative AI models and a conversational chatbot.",google-gemini,tool,https://gemini.google.com/,
Google Forms,A survey administration software included as part of the free web-based Google Docs Editors suite.,google-forms,tool,https://www.google.com/forms/about/,
Google Docs,"A free web-based word processor that can be used to create, edit and store digital documents.",google-docs,tool,https://docs.google.com/,
Google Cloud Functions,A serverless compute platform that allows you to run code in response to events without having to provision or manage servers.,google-cloud-functions,tool,https://cloud.google.com/functions,
Google Cloud for AI,"Scalable AI offerings including video and image analysis, speech recognition, and multi-language processing.",google-cloud-for-ai,tool,https://cloud.google.com/ai,
Google Cloud Armor,"Google Cloud Armor is a network security service that provides defenses against DDoS and application attacks, and offers a rich set of Web-application Firewall (WAF) rules.",google-cloud-armor,tool,https://cloud.google.com/security/products/armor,
Globus,A research data management service for secure reliable file transfer and sharing.,globus,tool,https://www.globus.org/,
GitLab CI/CD,A tool built into GitLab for software development using continuous methodologies.,gitlab-cicd,tool,https://docs.gitlab.com/ee/ci/,
GitLab,A web-based Git repository manager with wiki code reviews and CI/CD pipeline features.,gitlab,tool,https://about.gitlab.com/,
GitHub's Minimum Viable Governance,"A repository-based framework providing lightweight, template-driven structures to help open-source projects manage, collaborate, and scale efficiently",githubs-minimum-viable-governance,tool,https://github.com/github/MVG,
GitHub releases,A way to package and deliver software iterations to users via GitHub.,github-releases,methodology,https://docs.github.com/en/repositories/releasing-projects-on-github/,
GitHub Projects,An adaptable project management tool on GitHub that uses tables boards and roadmaps to track work.,github-projects,tool,https://docs.github.com/en/issues/planning-and-tracking-with-projects/learning-about-projects/about-projects,
GitHub Pages,A static site hosting service that takes HTML CSS and JavaScript files from a repository.,github-pages,tool,https://pages.github.com/,
GitHub Issues,A lightweight tracking system integrated into GitHub repositories for reporting bugs and discussing tasks.,github-issues,tool,https://docs.github.com/en/issues/tracking-your-work-with-issues/about-issues,
GitHub Copilot,An AI pair programmer that offers autocomplete-style suggestions as you code.,github-copilot,tool,https://github.com/features/copilot,
GitHub Container Registry (GHCR),"GitHub's container image registry service, integrated with GitHub repositories and Actions. It provides free storage for public images and supports private images for GitHub users.",github-container-registry-ghcr,tool,https://docs.github.com/en/packages/working-with-a-github-packages-registry/working-with-the-container-registry,
GitHub Actions,A CI/CD platform that allows you to automate your build test and deployment pipeline.,github-actions,tool,https://github.com/features/actions,
GitHub,A platform for hosting and collaborating on Git repositories.,github,tool,https://github.com/,
Git,A distributed version control system for tracking changes in source code.,git,tool,https://git-scm.com/,
ggplot2,A system for declaratively creating graphics in the R language based on the Grammar of Graphics.,ggplot2,tool,https://ggplot2.tidyverse.org/,
Generative models,A class of machine learning models that can generate new data samples similar to training data.,generative-models,methodology,https://en.wikipedia.org/wiki/Generative_model,
Generative adversarial network (GAN),A class of machine learning frameworks and a prominent framework for approaching generative artificial intelligence,generative-adversarial-network-gan,methodology,https://en.wikipedia.org/wiki/Generative_adversarial_network,
GDPR,The General Data Protection Regulation a legal framework for data privacy in the EU.,gdpr,methodology,https://gdpr.eu/,
gdb,The standard debugger for the GNU operating system.,gdb,tool,https://www.sourceware.org/gdb/,
GCC,The GNU Compiler Collection supporting various programming languages.,gcc,tool,https://gcc.gnu.org/,
Gantt charts,A type of bar chart that illustrates a project schedule by showing task durations and dependencies over time.,gantt-charts,methodology,https://en.wikipedia.org/wiki/Gantt_chart,
Ganglia,A scalable distributed monitoring system for high-performance computing systems.,ganglia,tool,http://ganglia.sourceforge.net/,
Galaxy,An open source web-based platform for data intensive biomedical research.,galaxy,tool,https://galaxyproject.org/,
Functional programming,A programming paradigm where programs are constructed by applying and composing functions.,functional-programming,methodology,https://en.wikipedia.org/wiki/Functional_programming,
FTP/SFTP,"FTP (File Transfer Protocol) and SFTP (SSH File Transfer Protocol) are standard network protocols for transferring computer files, with SFTP being the secure, modern standard and FTP transferring data in plain text and used only for public/non-sensitive data in trusted networks.",ftpsftp,methodology,https://en.wikipedia.org/wiki/File_Transfer_Protocol,
Free and open source licences,"Comparison of software licences aproved by the Free Software Foundation, the Open Source Initiative, the Debian Project or the Fedora Project.",free-and-open-source-licences,methodology,https://en.wikipedia.org/wiki/Comparison_of_free_and_open-source_software_licenses,
Fortran,A general-purpose compiled imperative programming language especially suited to numeric computation.,fortran,language,https://fortran-lang.org/,
Formatting text,The act of composing text and arranging it according to specific stylistic rules.,formatting-text,methodology,https://en.wikipedia.org/wiki/Technical_writing,
Folder structure,The way in which files are organised into a directory hierarchy.,folder-structure,methodology,https://en.wikipedia.org/wiki/Directory_(computing),
Flutter,An open-source UI software development kit created by Google; Flutter apps are written in the Dart language.,flutter,tool,https://flutter.dev/,
Flask,A micro web framework written in Python.,flask,tool,https://flask.palletsprojects.com/,
Firewalls,Network security systems that monitor and control incoming and outgoing network traffic.,firewalls,methodology,https://en.wikipedia.org/wiki/Firewall_(computing),
FastAPI,A modern fast web framework for building APIs with Python based on standard Python type hints.,fastapi,tool,https://fastapi.tiangolo.com/,
FastAI,A deep learning library which provides high-level components for common deep learning patterns.,fastai,tool,https://docs.fast.ai/,
Fast storage,"High-performance data storage solutions like NVMe, SSDs or parallel file systems.",fast-storage,tool,https://en.wikipedia.org/wiki/Solid-state_drive,
FAIRSoft,A practical framework and set of tools for evaluating the FAIRness of research software.,fairsoft,tool,https://github.com/inab/FAIRsoft,
FAIR software,"The application of the FAIR principles (Findable, Accessible, Interoperable and Reusable) specifically to research software code.",fair-software,methodology,https://fair-software.eu/,
FAIR data,Principles that ensure data are Findable Accessible Interoperable and Reusable.,fair-data,methodology,https://www.go-fair.org/fair-principles/,
Extrae,A set of tools for performance analysis of parallel applications.,extrae,tool,https://tools.bsc.es/extrae,
Express,A minimal and flexible Node.js web application framework.,express,tool,https://expressjs.com/,
Export control,Laws and regulations that manage the export of sensitive technologies and information.,export-control,methodology,https://en.wikipedia.org/wiki/Export_control,
Experimental design,The process of planning a study to meet specified objectives efficiently.,experimental-design,methodology,https://en.wikipedia.org/wiki/Design_of_experiments,
EXIF,A standard that specifies the formats for images sound and ancillary tags used by digital cameras.,exif,methodology,https://en.wikipedia.org/wiki/Exif,
Excel,A spreadsheet developed by Microsoft featuring calculation graphing tools and pivot tables.,excel,tool,https://www.microsoft.com/microsoft-365/excel,
ExCALIBUR tests,Performance benchmarks and regression tests for the ExCALIBUR project,excalibur-tests,tool,https://github.com/ukri-excalibur/excalibur-tests,
Ethics approvals,"A mandatory review process for research involving human participants or data, ensuring safety, dignity and confidentiality.",ethics-approvals,methodology,https://www.ukri.org/publications/mrc-guidance-for-applicants/ethics-and-approvals/,
ESLint,A static code analysis tool for identifying problematic patterns found in JavaScript code.,eslint,tool,https://eslint.org/,
Entity Relationship Diagrams (ERD),A visual representation of different entities within a system and how they relate to each other.,entity-relationship-diagrams-erd,methodology,https://en.wikipedia.org/wiki/Entity–relationship_model,
EndNote,A commercial reference management software package used to manage bibliographies and references.,endnote,tool,https://endnote.com/,
Encryption,"Encryption is the process of encoding data into an unreadable format (ciphertext) using an algorithm and a secret key, ensuring only authorised parties can access the original information (plaintext).",encryption,methodology,https://en.wikipedia.org/wiki/Encryption,
Embeddings,"Numerical representations of data - such as text, images, or audio - converted into vectors (lists of numbers) that capture their semantic meaning.",embeddings,methodology,https://en.wikipedia.org/wiki/Embedding_(machine_learning),
Embedded systems,Computer systems with a dedicated function within a larger mechanical or electrical system.,embedded-systems,methodology,https://en.wikipedia.org/wiki/Embedded_system,
EESSI.io,The European Environment for Scientific Software Installations – a shared stack of scientific software.,eessi-io,tool,https://www.eessi.io/,
EDAM,An ontology of data analysis and management for life sciences and beyond.,edam,language,https://edamontology.org/,
Dublin Core,A basic set of metadata elements for describing digital and physical resources.,dublin-core,methodology,https://www.dublincore.org/,
Drupal,An open-source web content management system written in PHP.,drupal,tool,https://drupal.org/,
Dropbox,A file hosting service that offers cloud storage file synchronisation and personal cloud.,dropbox,tool,https://www.dropbox.com/,
DPC++,An open-source implementation of SYCL for architectures including CPUs GPUs and FPGAs.,dpc-plus-plus,language,https://www.intel.com/content/www/us/en/developer/tools/oneapi/data-parallel-cpp.html,
Docstrings,String literals that appear right after the definition of a function method class or module used for documentation.,docstrings,methodology,https://en.wikipedia.org/wiki/Docstring,
Docker Hub,"Container registry built for developers and open source contributors to find, use, and share their Docker images.",docker-hub,tool,https://hub.docker.com/,
Docker,A platform that uses OS-level virtualisation to deliver software in packages called containers.,docker,tool,https://www.docker.com/,
DNS,The hierarchical and decentralised naming system for computers services and other resources connected to the Internet.,dns,methodology,https://en.wikipedia.org/wiki/Domain_Name_System,
DMPonline,A tool that helps users create review and share data management plans that meet institutional requirements.,dmponline,tool,https://dmponline.dcc.ac.uk/,
Django,A high-level Python web framework that encourages rapid development and clean design.,django,tool,https://www.djangoproject.com/,
Distributed computing,A field of computer science that studies systems whose components are located on different networked computers.,distributed-computing,methodology,https://en.wikipedia.org/wiki/Distributed_computing,
Diffusers,A library for state-of-the-art pretrained diffusion models for generating images and audio.,diffusers,methodology,https://github.com/huggingface/diffusers,
Designing presentations,"A structured way to communicate information, ideas, or a message to an audience, often using visual aids like slides, to inform, persuade, or entertain, and involves preparation, organisation (content, flow), and delivery (speaker's presence) to achieve a goal like teaching a concept, presenting information or pitching an idea.",designing-presentations,methodology,https://en.wikipedia.org/wiki/Presentation,
Design thinking,"A human-centered, iterative problem-solving method that focuses on deeply understanding user needs to create innovative, practical solutions.",design-thinking,methodology,https://en.wikipedia.org/wiki/Design_thinking,
Design Patterns,Reusable solutions to commonly occurring problems in software design.,design-patterns,methodology,https://en.wikipedia.org/wiki/Software_design_pattern,
Delegation,The assignment of authority to another person to carry out specific activities.,delegation,methodology,https://en.wikipedia.org/wiki/Delegation,
Decision trees,A decision support tool that uses a tree-like model of decisions and their consequences.,decision-trees,methodology,https://en.wikipedia.org/wiki/Decision_tree,
Decision making processes,Systematic approaches and software used to select a course of action from alternatives.,decision-making-processes,methodology,https://en.wikipedia.org/wiki/Decision-making,
DBeaver,A free multi-platform database tool for developers and database administrators.,dbeaver,tool,https://dbeaver.io/,
DB2,A family of data management products including database servers developed by IBM.,db2,tool,https://www.ibm.com/products/db2,
data.validator,An R package for scalable and reproducible data quality checks.,data-validator,tool,https://appsilon.github.io/data.validator/articles/data_validator.html,
Data versioning,The process of tracking and managing changes to datasets over time.,data-versioning,methodology,https://en.wikipedia.org/wiki/Version_control,
Data redundancy and reliability,"Redundancy techniques, such as RAID configurations and data replication, to ensure data durability, fault tolerance, and recovery in the event of system or hardware failures.",data-redundancy-and-reliability,methodology,https://en.wikipedia.org/wiki/Data_redundancy,
Data Management Plans,Formal documents that outline how data will be handled during and after a research project.,data-management-plans,methodology,https://en.wikipedia.org/wiki/Data_management_plan,
Data collection tools,"Instruments used to collect data such as surveys, questionnaires and interview guides.",data-collection-tools,tool,https://en.wikipedia.org/wiki/Data_collection,
Data collection techniques,Methods used to gather information from various sources to find answers to research problems.,data-collection-techniques,methodology,https://en.wikipedia.org/wiki/Data_collection,
Data citation,The practice of providing a reference to data in the same way as a bibliographic reference.,data-citation,methodology,https://en.wikipedia.org/wiki/Data_publishing#Data_citation,
Data availability and capacity planning,"Forecasting and planning of storage capacity and access requirements to ensure that data remains available, scalable, and aligned with current and future demand. ",data-availability-and-capacity-planning,methodology,https://www.techtarget.com/searchstorage/definition/storage-capacity-planning,
Data and information visualisation process,The graphic representation of data to help communicate information clearly and efficiently.,data-and-information-visualisation-process,methodology,https://en.wikipedia.org/wiki/Data_visualization,
Data analysis process,"Process of inspecting, cleansing, transforming, and modeling data with the goal of discovering useful information and supporting decision-making",data-analysis-process,methodology,https://en.wikipedia.org/wiki/Data_analysis,
Dask,A flexible library for parallel computing in Python.,dask,tool,https://dask.org/,
Dash,A productive Python framework for building web analytic applications.,dash,tool,https://plotly.com/dash/,
Dart,A client-optimised programming language for apps on multiple platforms developed by Google.,dart,language,https://dart.dev/,
Cypress,A next-generation front-end testing tool built for the modern web.,cypress,tool,https://www.cypress.io/,
CWL,A standard for describing data analysis workflows in a way that makes them portable and scalable.,cwl,methodology,https://www.commonwl.org/,
CUDA,A programming platform for writing parallel applications that run on NVIDIA GPUs.,cuda,tool,https://developer.nvidia.com/cuda-zone,
CSS,A style sheet language used for describing the presentation of a document written in HTML.,css,language,https://www.w3.org/Style/CSS/,
CPUs,The primary component of a computer that acts as its control center.,cpus,tool,https://en.wikipedia.org/wiki/Central_processing_unit,
Covidence,A web-based software platform that streamlines the production of systematic reviews.,covidence,tool,https://www.covidence.org/,
Controlling actuators,The method of using software or signals to manage mechanical components that move systems.,controlling-actuators,methodology,https://en.wikipedia.org/wiki/Actuator,
Contribution guidelines,"Rules and instructions for how people can help with a project (like open-source software or a publication), explaining the required formats, processes, and expectations for submitting work, ensuring quality, consistency, and clarity for both contributors and maintainers.",contribution-guidelines,methodology,https://docs.github.com/en/communities/setting-up-your-project-for-healthy-contributions/setting-guidelines-for-repository-contributors,
Content management systems,A computer software used to manage the creation and modification of digital content (content management).,content-management-systems,methodology,https://en.wikipedia.org/wiki/Content_management_system,
Connected Papers,A visual tool to help researchers find and explore academic papers related to their field.,connected-papers,tool,https://www.connectedpapers.com/,
Conda-forge,A community-led collection of recipes and build infrastructure for the conda package manager.,conda-forge,tool,https://conda-forge.org/,
concurrent.futures,A standard library module for providing a high-level interface for asynchronously executing callables.,concurrent-futures,tool,https://docs.python.org/3/library/concurrent.futures.html,
Computer vision,An interdisciplinary field that deals with how computers gain high-level understanding from digital images.,computer-vision,methodology,https://en.wikipedia.org/wiki/Computer_vision,
Compilers,Programs that translate source code from a high-level language to a lower-level language.,compilers,tool,https://en.wikipedia.org/wiki/Compiler,
Communication with technical audiences,"Technical communication is communication of technical subject matter such as engineering, science, or technology content to technical audiences or audiences from the same domain.",communication-with-technical-audiences,methodology,https://en.wikipedia.org/wiki/Technical_communication,
Communication with non-technical audiences,"Professional communication encompasses written, oral, visual and digital communication within a workplace context woth colleagues from different domains or fields. ",communication-with-non-technical-audiences,methodology,https://en.wikipedia.org/wiki/Professional_communication,
Communication with general public,"Science communication encompasses informing non-experts about scientific findings, raising the public awareness of and interest in science.",communication-with-general-public,methodology,https://en.wikipedia.org/wiki/Science_communication,
Communication optimisation,Reducing and structuring data exchange between processes or threads to minimise communication overhead.,communication-optimisation,methodology,https://dehesa.unex.es/server/api/core/bitstreams/c697d0af-8091-47a3-92fe-9ddd7233f9ff/content,
Colour contrast checking,Tools that ensure text and background colours meet accessibility standards for readability.,colour-contrast-checking,tool,https://webaim.org/resources/contrastchecker/,
Collaboration tools,Applications that allow people to work together on common tasks regardless of location.,collaboration-tools,tool,https://en.wikipedia.org/wiki/Collaborative_software,
CodiMD,A real-time collaborative markdown notes platform.,codimd,tool,https://hackmd.io/c/codimd,
CodeMeta,"A shared, minimal metadata vocabulary for software, designed to support research, discovery, citation, and interoperability across platforms. ",codemeta,language,https://codemeta.github.io/,
CODECHECK,A process and system to independently execute and verify the results of computational research code.,codecheck,methodology,https://codecheck.org.uk/,
Code of Conduct,"A code of conduct is a formal document outlining an organisation's, profession's, or group's values, ethical standards, and expected behaviors.",code-of-conduct,methodology,https://third-bit.com/py-rse/teams.html#teams-coc,
Cobol,A compiled English-like computer programming language designed for business use.,cobol,language,https://en.wikipedia.org/wiki/COBOL,
CMake,An open-source cross-platform family of tools designed to build test and package software.,cmake,tool,https://cmake.org/,
Clustering,The task of grouping a set of objects such that items in the same group are more similar to each other.,clustering,methodology,https://en.wikipedia.org/wiki/Cluster_analysis,
Cloudflare,A company providing content delivery network services and cloud cybersecurity.,cloudflare,tool,https://www.cloudflare.com/,
Cloud cost calculators,Tools provided by cloud vendors to estimate usage fees for infrastructure.,cloud-cost-calculators,tool,https://en.wikipedia.org/wiki/Cloud_computing_comparison,
Clinical trials regulations,The legal and ethical frameworks governing the conduct of research involving human subjects.,clinical-trials-regulations,methodology,https://www.fda.gov/science-research/clinical-trials-and-human-subject-protection/regulations-good-clinical-practice-and-clinical-trials,
Classification,A task that predicts the label of a given input data point.,classification,methodology,https://developers.google.com/machine-learning/glossary#classification,
CITATION.cff,A plain text file with human- and machine-readable citation information for software and datasets.,citation-cff,tool,https://citation-file-format.github.io/,
Checkmarx,An agentic application security and testing tool.,checkmarx,tool,https://checkmarx.com/,
ChatGPT,A generative artificial intelligence chatbot developed by OpenAI.,chatgpt,tool,https://chatgpt.com/,
Cgroups,A Linux kernel feature that limits and accounts for the resource usage of a collection of processes.,cgroups,tool,https://en.wikipedia.org/wiki/Cgroups,
cffinit,A web application which helps users create a CITATION. cff file.,cffinit,tool,https://citation-file-format.github.io/cff-initializer-javascript/#/,
CARE Principles for Indigenous Data Governance,Guidelines for the stewardship of Indigenous data: Collective Benefit Authority to Control Responsibility and Ethics.,care-principles-for-indigenous-data-governance,methodology,https://www.gida-global.org/care,
Canva,An online graphic design tool with a free tier.,canva,tool,https://www.canva.com/en_gb/,
C++,A high-level general-purpose programming language that extends the C language.,c-plus-plus,language,https://isocpp.org/,
C#,A modern object-oriented programming language developed by Microsoft.,c-sharp,language,https://learn.microsoft.com/en-us/dotnet/csharp/,
C,A general-purpose procedural computer programming language.,c,language,https://en.cppreference.com/w/c,
Bulma,A free open-source framework based on Flexbox used to build responsive web interfaces.,bulma,tool,https://bulma.io/,
Building systems from source,The process of building software from source code specifically for supercomputing environments.,building-systems-from-source,methodology,https://pawsey.atlassian.net/wiki/spaces/US/pages/51925878/How+to+Manually+Build+Software,
Border Gateway Protocol (BGP),A standardised gateway protocol designed to exchange routing information among autonomous systems.,border-gateway-protocol-bgp,methodology,https://en.wikipedia.org/wiki/Border_Gateway_Protocol,
Bootstrap,A free and open-source CSS framework directed at responsive mobile-first front-end web development.,bootstrap,tool,https://getbootstrap.com/,
BlueSky,A decentralised social network protocol and application.,bluesky,tool,https://bsky.app/,
BLAS,A specification for low-level routines for performing common linear algebra operations.,blas,methodology,http://www.netlib.org/blas/,
Black,The uncompromising Python code formatter.,black,tool,https://github.com/psf/black,
BitBucket Pipelines,An integrated CI/CD service built into Bitbucket.,bitbucket-pipelines,tool,https://bitbucket.org/product/features/pipelines,
BitBucket,A Git-based source code repository hosting service owned by Atlassian.,bitbucket,tool,https://bitbucket.org/,
Bison,A general-purpose parser generator that converts an annotated context-free grammar.,bison,tool,https://www.gnu.org/software/bison/,
Bioschemas,"An extension to Schema.org to improve the findability of life sciences resources such as datasets, software and training materials.",bioschemas,language,https://bioschemas.org/,
Binary executables,"Ready-to-run computer files containing binary code that a computer executes directly, compiled from source code for a specific operating system and hardware",binary-executables,tool,https://www.sciencedirect.com/topics/computer-science/executable-binary-file,
BigQuery,A fully managed serverless data warehouse that enables scalable analysis over petabytes of data in Google Cloud.,bigquery,tool,https://cloud.google.com/bigquery,
BibTeX,A reference management software for formatting lists of citations used in LaTeX documents.,bibtex,tool,http://www.bibtex.org/,
Bibliography management tools,Software that helps users create and manage lists of references for scholarly work.,bibliography-management-tools,methodology,https://en.wikipedia.org/wiki/Reference_management_software,
BeeGFS,High-performance parallel file system.,beegfs,tool,https://www.beegfs.io/c/,
Bash,"Bash (short for ""Bourne Again SHell"") is an interactive command interpreter and scripting language developed for Unix-like operating systems.",bash,tool,https://en.wikipedia.org/wiki/Bash_(Unix_shell),
Azure Functions,"A serverless compute service on Microsoft Azure that lets you run event-driven code (functions) without managing infrastructure, supporting multiple languages.",azure-functions,tool,https://azure.microsoft.com/en-us/products/functions,
Azure Firewall,A managed cloud-based network security service that protects your Azure Virtual Network resources.,azure-firewall,tool,https://azure.microsoft.com/services/azure-firewall/,
Azure DevOps,A suite of services for developers to plan work collaborate on code and build applications.,azure-devops,tool,https://azure.microsoft.com/services/devops/,
Azure Data Studio,"A retired cross-platform desktop IDE for managing SQL databases (Azure SQL, SQL Server, PostgreSQL).",azure-data-studio,tool,https://learn.microsoft.com/en-us/sql/tools/whats-happening-azure-data-studio?view=sql-server-ver17&tabs=dev,
Azure Calculator,A tool to estimate your expected monthly bill for Azure services.,azure-calculator,tool,https://azure.microsoft.com/pricing/calculator/,
Azure AI,A set of artificial intelligence services offered by Microsoft Azure for building intelligent apps.,azure-ai,tool,https://azure.microsoft.com/solutions/ai/,
Azure,A cloud computing service operated by Microsoft for application management.,azure,tool,https://azure.microsoft.com/,
AWX,An open-source project that provides a web-based user interface and API for Ansible.,awx,tool,https://github.com/ansible/awx,
AWS Web Application Firewall,A web application firewall that helps protect web applications or APIs against web exploits.,aws-web-application-firewall,tool,https://aws.amazon.com/waf/,
AWS SageMaker,A fully managed service for building training and deploying machine learning models.,aws-sagemaker,tool,https://aws.amazon.com/sagemaker/,
AWS S3,Simple Storage Service a scalable high-speed web-based cloud storage service from AWS.,aws-s3,tool,https://aws.amazon.com/s3/,
AWS Pricing Calculator,A web-based tool to estimate the cost of AWS services for your architecture.,aws-pricing-calculator,tool,https://calculator.aws/,
AWS Lambda,"An event-driven, serverless Function as a Service, designed to enable developers to run code without provisioning or managing servers. ",aws-lambda,tool,https://aws.amazon.com/lambda/,
AWS CodePipeline,A fully managed continuous delivery service that helps you automate your release pipelines.,aws-codepipeline,tool,https://aws.amazon.com/codepipeline/,
AWS,A comprehensive and evolving cloud computing platform provided by Amazon.,aws,tool,https://aws.amazon.com/,
Authorisation and access control,"Authorisation is a set of permissions, rules and policies defining what an individual may access, and access controls are mechanisms used to enforce such rules and policies. ",authorisation-and-access-control,methodology,https://en.wikipedia.org/wiki/Authorization,
Authentication,"Verifying the identity of a user, device or system before granting access to resources.",authentication,methodology,https://en.wikipedia.org/wiki/Authentication,
Atomic operations,Operations that run completely independently of any other processes.,atomic-operations,methodology,https://en.wikipedia.org/wiki/Atomic_operation,
Atlassian Confluence,A web-based team collaboration and knowledge management tool.,atlassian-confluence,tool,https://www.atlassian.com/software/confluence,
ATLAS.ti,A computer-assisted qualitative data analysis software.,atlas-ti,tool,https://atlasti.com/,
Assessing Community Health,"A structured approach used to evaluate the vitality, sustainability, and inclusiveness of a community by analysing indicators such as participation, governance, collaboration practices, and contributor experience.",assessing-community-health,methodology,https://guidebook.theopensourceway.org/measuring-success/understanding-community-metrics,
Asana,A web and mobile application designed to help teams organise track and manage their work.,asana,tool,https://asana.com/,
ArXiv,"A free distribution service and an open-access archive for scholarly articles in the fields of physics, mathematics, computer science, quantitative biology, quantitative finance, statistics, electrical engineering and systems science, and economics.

",arxiv,tool,https://arxiv.org/,
Arm Performance Reports,A tool that provides a one-page summary of the performance of HPC applications.,arm-performance-reports,tool,https://www.arm.com/products/development-tools/server-and-hpc/forge/performance-reports,
Arm MAP,A profiler for C++ Fortran and Python codes that helps developers optimise code performance.,arm-map,tool,https://www.arm.com/products/development-tools/server-and-hpc/forge/map,
Argo CD,"A declarative GitOps continuous delivery tool for Kubernetes, part of the Argo ecosystem of Kubernetes-native tools.",argo-cd,tool,https://argoproj.github.io/cd/,
Argo,A set of open-source tools for Kubernetes to run workflows and manage clusters using GitOps.,argo,tool,https://argoproj.github.io/,
Arduino,Open-source electronic prototyping platform enabling users to create interactive electronic objects.,arduino,tool,https://www.arduino.cc/,
Apptainer,A Linux Foundation project providing container technology for High-Performance Computing (HPC).,apptainer,tool,https://apptainer.org/,
Apache Web Server,"An open source, secure, efficient and extensible server that provides HTTP services for modern operating systems.",apache-web-server,tool,https://httpd.apache.org/,
Apache Tomcat,An open source implementation of the Jakarta EE platform (an evolution of the Java EE platform).,apache-tomcat,tool,https://tomcat.apache.org/,
Apache Spark MLlib,A scalable machine learning library for Apache Spark providing common learning algorithms and utilities.,apache-spark-mllib,tool,https://spark.apache.org/mllib/,
Apache Spark,A unified analytics engine for large-scale data processing.,apache-spark,tool,https://spark.apache.org/,
Apache Airflow,An open-source platform to programmatically author schedule and monitor workflows.,apache-airflow,tool,https://airflow.apache.org/,
Ansible,An open-source IT automation engine that automates provisioning and configuration management.,ansible,tool,https://www.ansible.com/,
Angular,A web development framework for building modern apps.,angular,tool,https://angular.dev/,
Algorithms,Specific procedures or sets of rules followed in calculations or other problem-solving operations.,algorithms,methodology,https://en.wikipedia.org/wiki/Algorithm,
Algorithm scalability design,"Designing parallel algorithms so that their performance improves as the number of processors or compute resources increases, applying principles such as Amdahl's Law and Gustafson's Law to evaluate theoretical performance limits.",algorithm-scalability-design,methodology,https://tcpp.cs.gsu.edu/curriculum/?q=system/files/Ch04_0.pdf,
Agile,"Agile is an iterative approach to project management and software development that emphasises flexibility, collaboration, customer feedback, and rapid delivery of small, functional pieces of a product, rather than one big release.",agile,methodology,https://en.wikipedia.org/wiki/Agile_software_development,
Adobe Premiere,A timeline-based video editing software application.,adobe-premiere,tool,https://www.adobe.com/products/premiere.html,
Adobe Photoshop,A raster graphics editor used for image editing and digital art.,adobe-photoshop,tool,https://www.adobe.com/products/photoshop.html,
Adobe Illustrator,A vector graphics editor and design program used for creating logos and complex illustrations.,adobe-illustrator,tool,https://www.adobe.com/products/illustrator.html,
Acceptance testing,A process to determine if a software system meets the required specifications and is ready for delivery.,acceptance-testing,methodology,https://en.wikipedia.org/wiki/Acceptance_testing,
